Object Number,Is Highlight,Is Public Domain,Object ID,Department,Object Name,Title,Culture,Period,Dynasty,Reign,Portfolio,Artist Role,Artist Prefix,Artist Display Name,Artist Display Bio,Artist Suffix,Artist Alpha Sort,Artist Nationality,Artist Begin Date,Artist End Date,Object Date,Object Begin Date,Object End Date,Medium,Dimensions,Credit Line,Geography Type,City,State,County,Country,Region,Subregion,Locale,Locus,Excavation,River,Classification,Rights and Reproduction,Link Resource,Metadata Date,Repository,Tags,Image URL
29.100.373,FALSE,TRUE,196442,European Sculpture and Decorative Arts,Statue,Study in the Nude for The Little Fourteen-Year-Old Dancer,French,,,,,Artist,,Edgar Degas,"French, Paris 1834–1917 Paris",,"Degas, Edgar",French,1834,1917,"modeled ca. 1878–80, cast 1920",1873,1920,Bronze,28-1/2 x 13-11/16 x 12-1/4 in.  (72.4 x 34.8 x 31.1 cm.),"H.O. Havemeyer Collection, Bequest of Mrs. H.O. Havemeyer, 1929",,,,,,,,,,,,Sculpture-Bronze,,http://www.metmuseum.org/art/collection/search/196442,2019-02-01T10:50:49.477Z,"Metropolitan Museum of Art, New York, NY",Male Nudes|Dancers,https://images.metmuseum.org/CRDImages/es/web-large/ES7551.jpg
29.100.386,FALSE,TRUE,196455,European Sculpture and Decorative Arts,Statuette,Dancer Holding Her Right Foot in Her Right Hand,French,,,,,Artist,,Edgar Degas,"French, Paris 1834–1917 Paris",,"Degas, Edgar",French,1834,1917,"modeled probably ca. 1900–1910, cast 1920",1895,1920,Bronze,Overall: 20 3/4 × 14 1/2 × 7 3/8 in. (52.7 × 36.8 × 18.7 cm),"H.O. Havemeyer Collection, Bequest of Mrs. H.O. Havemeyer, 1929",,,,,,,,,,,,Sculpture-Bronze,,http://www.metmuseum.org/art/collection/search/196455,2019-02-01T10:50:49.477Z,"Metropolitan Museum of Art, New York, NY",Female Nudes|Dancers,https://images.metmuseum.org/CRDImages/es/web-large/76484.jpg
29.100.391,FALSE,TRUE,196460,European Sculpture and Decorative Arts,Statuette,First Arabesque,French,,,,,Artist,,Edgar Degas,"French, Paris 1834–1917 Paris",,"Degas, Edgar",French,1834,1917,"modeled probably before 1890, cast 1920",1850,1920,Bronze,Overall: 17 1/4 × 23 3/4 × 11 5/8 in. (43.8 × 60.3 × 29.5 cm),"H.O. Havemeyer Collection, Bequest of Mrs. H.O. Havemeyer, 1929",,,,,,,,,,,,Sculpture-Bronze,,http://www.metmuseum.org/art/collection/search/196460,2019-02-01T10:50:49.477Z,"Metropolitan Museum of Art, New York, NY",Female Nudes,https://images.metmuseum.org/CRDImages/es/web-large/76445.jpg
29.100.401,FALSE,TRUE,196470,European Sculpture and Decorative Arts,Statuette,Second Arabesque,French,,,,,Artist,,Edgar Degas,"French, Paris 1834–1917 Paris",,"Degas, Edgar",French,1834,1917,"modeled before 1885, cast 1920",1850,1920,Bronze,11-3/8 x 15-1/4 x 6-1/4 in.  (28.9 x 38.7 x 15.9 cm.),"H.O. Havemeyer Collection, Bequest of Mrs. H.O. Havemeyer, 1929",,,,,,,,,,,,Sculpture-Bronze,,http://www.metmuseum.org/art/collection/search/196470,2019-02-01T10:50:49.477Z,"Metropolitan Museum of Art, New York, NY",Women,https://images.metmuseum.org/CRDImages/es/web-large/ES7532.jpg
29.100.420,FALSE,TRUE,196489,European Sculpture and Decorative Arts,Head,Study for a Portrait of Mathilde Salle,French,,,,,Artist,,Edgar Degas,"French, Paris 1834–1917 Paris",,"Degas, Edgar",French,1834,1917,"modeled ca. 1892, cast 1920",1887,1920,Bronze on black marble base,H. w. base: 11-1/8; W. 4; D. 4-7/8 in.  (28.3 x 10.2 x 12.4 cm.),"H.O. Havemeyer Collection, Bequest of Mrs. H.O. Havemeyer, 1929",,,,,,,,,,,,Sculpture-Bronze,,http://www.metmuseum.org/art/collection/search/196489,2019-02-01T10:50:49.477Z,"Metropolitan Museum of Art, New York, NY",Heads|Portraits,https://images.metmuseum.org/CRDImages/es/web-large/76494.jpg
"29.100.437a, b",FALSE,TRUE,196506,European Sculpture and Decorative Arts,Statuette group,"Horse with Jockey; Horse Galloping on the Right Foot, the Back Left Foot Only Touching the Ground",French,,,,,Artist,,Edgar Degas,"French, Paris 1834–1917 Paris",,"Degas, Edgar",French,1834,1917,"modeled possibly before 1871, cast 1920",1850,1920,Bronze,9-5/6 x 13 x 7 in.  (25.0 x 33.0 x 17.8 cm.),"H.O. Havemeyer Collection, Bequest of Mrs. H.O. Havemeyer, 1929",,,,,,,,,,,,Sculpture-Bronze,,http://www.metmuseum.org/art/collection/search/196506,2019-02-01T10:50:49.477Z,"Metropolitan Museum of Art, New York, NY",Men|Horse Riding|Jockeys,https://images.metmuseum.org/CRDImages/es/web-large/ES7547.jpg
1983.1092,FALSE,TRUE,263608,Photographs,Photograph,"Paul Poujaud, Mme. Arthur Fontaine, and Degas",,,,,,Artist,,Edgar Degas,"French, Paris 1834–1917 Paris",,"Degas, Edgar",French,1834,1917,1895,1895,1895,Gelatin silver print,29.4 x 40.5 cm. (11  9/16  x 15  15/16  in.),"The Elisha Whittelsey Collection, The Elisha Whittelsey Fund, 1983",,,,,,,,,,,,Photographs,,http://www.metmuseum.org/art/collection/search/263608,2019-06-15T03:00:44.137Z,"Metropolitan Museum of Art, New York, NY",Interiors|Portraits|Men|Women,https://images.metmuseum.org/CRDImages/ph/web-large/DP352702.jpg
2000.655.1,FALSE,TRUE,284452,Photographs,Photograph,"Paule Gobillard, Jeannie Gobillard, Julie Manet, and Geneviève Mallarmé",,,,,,Artist,,Edgar Degas,"French, Paris 1834–1917 Paris",,"Degas, Edgar",French,1834,1917,1895,1895,1895,Gelatin silver print,28.4 x 38.9 cm (11 3/16 x 15 5/16 in.),"Gift of Paul F. Walter, 2000",,,,,,,,,,,,Photographs,,http://www.metmuseum.org/art/collection/search/284452,2019-06-15T03:00:44.137Z,"Metropolitan Museum of Art, New York, NY",Portraits|Women,https://images.metmuseum.org/CRDImages/ph/web-large/DT4714.jpg
2000.655.2,FALSE,TRUE,284453,Photographs,Photograph,"Street Scene, La-Queue-en-Brie (Val-de-Marne)",,,,,,Artist,,Edgar Degas,"French, Paris 1834–1917 Paris",,"Degas, Edgar",French,1834,1917,ca. 1896,1894,1898,Gelatin silver print,28.5 x 39.5 cm (11 1/4 x 15 9/16 in. ),"Gift of Paul F. Walter, 2000",,,,,,,,,,,,Photographs,,http://www.metmuseum.org/art/collection/search/284453,2019-06-22T03:00:42.08Z,"Metropolitan Museum of Art, New York, NY",Street Scene|Men|Women,https://images.metmuseum.org/CRDImages/ph/web-large/DP252161.jpg
2004.335,FALSE,TRUE,285444,Photographs,Photograph,[Self-Portrait with Christine and Yvonne Lerolle],,,,,,Artist,,Edgar Degas,"French, Paris 1834–1917 Paris",,"Degas, Edgar",French,1834,1917,probably 1895–96,1895,1896,Gelatin silver print,"Image: 37.1 x 29.3 cm (14 5/8 x 11 9/16 in.)
Mount: 55.4 x 45.5 cm (21 13/16 x 17 15/16 in.)","Purchase, The Horace W. Goldsmith Foundation Gift, through Joyce and Robert Menschel and Rogers Fund, 2004",,,,,,,,,,,,Photographs,,http://www.metmuseum.org/art/collection/search/285444,2019-02-01T10:50:49.477Z,"Metropolitan Museum of Art, New York, NY",Men|Self-portraits|Women,https://images.metmuseum.org/CRDImages/ph/web-large/DP117520.jpg
2010.457.4a,FALSE,TRUE,294434,Photographs,Photograph,[Self-Portrait with Zoé Closier],,,,,,Artist,,Edgar Degas,"French, Paris 1834–1917 Paris",,"Degas, Edgar",French,1834,1917,probably 1895,1895,1895,Gelatin silver print,"Image: 5.8 x 8.8 cm (2 5/16 x 3 7/16 in.)
Mount: 15 x 12 cm (5 7/8 x 4 3/4 in.)","Bequest of Robert Shapazian, 2010",,,,,,,,,,,,Photographs,,http://www.metmuseum.org/art/collection/search/294434,2019-06-22T03:00:42.08Z,"Metropolitan Museum of Art, New York, NY",Women|Men|Self-portraits,https://images.metmuseum.org/CRDImages/ph/web-large/DP252163.jpg
2010.457.4b,FALSE,TRUE,296287,Photographs,Photograph,[Self-Portrait in Library (Hand to Chin)],,,,,,Artist,,Edgar Degas,"French, Paris 1834–1917 Paris",,"Degas, Edgar",French,1834,1917,probably 1895,1895,1895,Gelatin silver print,"Image: 5.8 x 8.7 cm (2 5/16 x 3 7/16 in.)
Mount: 15 x 12 cm (5 7/8 x 4 3/4 in.)","Bequest of Robert Shapazian, 2010",,,,,,,,,,,,Photographs,,http://www.metmuseum.org/art/collection/search/296287,2019-02-01T10:50:49.477Z,"Metropolitan Museum of Art, New York, NY",Men,https://images.metmuseum.org/CRDImages/ph/web-large/DP252164.jpg
19.51.1,FALSE,TRUE,333807,Drawings and Prints,Drawing,"Violinist, Study for ""The Dance Lesson""",,,,,,Artist,,Edgar Degas,"French, Paris 1834–1917 Paris",,"Degas, Edgar",French,1834,1917,ca. 1878–79,1873,1884,Pastel and charcoal on green wove paper; squared for transfer in charcoal; letterpress printing on verso,15 3/8 x 11 3/4 in.  (39.1 x 29.8 cm),"Rogers Fund, 1918",,,,,,,,,,,,Drawings,,http://www.metmuseum.org/art/collection/search/333807,2019-07-12T05:28:01.84Z,"Metropolitan Museum of Art, New York, NY",Men|Violins|Musicians,https://images.metmuseum.org/CRDImages/dp/web-large/DP813405.jpg
19.51.2,FALSE,TRUE,333808,Drawings and Prints,Drawing,Bather Drying Herself,,,,,,Artist,,Edgar Degas,"French, Paris 1834–1917 Paris",,"Degas, Edgar",French,1834,1917,ca. 1883–84,1878,1889,Charcoal and pastel on off-white laid paper,Sheet: 12 5/8 x 9 3/4 in. (32.1 x 24.8cm),"Rogers Fund, 1918",,,,,,,,,,,,Drawings,,http://www.metmuseum.org/art/collection/search/333808,2019-08-07T04:40:54.593Z,"Metropolitan Museum of Art, New York, NY",Female Nudes|Bathing,https://images.metmuseum.org/CRDImages/dp/web-large/DP805815.jpg
19.51.3,FALSE,TRUE,333809,Drawings and Prints,Drawing,Bather Sponging Her Knee,,,,,,Artist,,Edgar Degas,"French, Paris 1834–1917 Paris",,"Degas, Edgar",French,1834,1917,ca. 1883–84,1878,1889,"Charcoal, pastel, and gray wash on off-white laid paper",Sheet: 12 1/8 x 9 3/8 in. (30.8 x 24.8cm),"Rogers Fund, 1918",,,,,,,,,,,,Drawings,,http://www.metmuseum.org/art/collection/search/333809,2019-07-12T05:28:01.84Z,"Metropolitan Museum of Art, New York, NY",Female Nudes,https://images.metmuseum.org/CRDImages/dp/web-large/DP805814.jpg
19.51.4,FALSE,TRUE,333810,Drawings and Prints,Drawing,Madame Loubens,,,,,,Artist,,Edgar Degas,"French, Paris 1834–1917 Paris",,"Degas, Edgar",French,1834,1917,ca. 1869,1864,1874,"Charcoal and pastel with red, black, and white chalk over graphite on beige wove paper",Sheet: 9 3/8 x 8 1/16 in. (23.8 x 20.5cm),"Rogers Fund, 1918",,,,,,,,,,,,Drawings,,http://www.metmuseum.org/art/collection/search/333810,2019-08-01T04:38:22.923Z,"Metropolitan Museum of Art, New York, NY",Portraits|Women,https://images.metmuseum.org/CRDImages/dp/web-large/DP805810.jpg
19.51.5,FALSE,TRUE,333811,Drawings and Prints,Drawing,Madame Lisle,,,,,,Artist,,Edgar Degas,"French, Paris 1834–1917 Paris",,"Degas, Edgar",French,1834,1917,ca. 1866–70,1861,1871,"Charcoal and pastel with red, black, and white chalk on beige wove paper",sheet: 8 9/16 x 10 1/4 in. (21.7 x 26 cm),"Rogers Fund, 1918",,,,,,,,,,,,Drawings,,http://www.metmuseum.org/art/collection/search/333811,2019-08-01T04:38:22.923Z,"Metropolitan Museum of Art, New York, NY",Portraits|Women,https://images.metmuseum.org/CRDImages/dp/web-large/DP805811.jpg
19.51.8,FALSE,TRUE,333814,Drawings and Prints,Drawing,Edouard Manet at the Races,,,,,,Artist,,Edgar Degas,"French, Paris 1834–1917 Paris",,"Degas, Edgar",French,1834,1917,ca. 1865,1860,1870,Graphite and black chalk on beige wove paper,Sheet: 12 5/8 x 9 11/16 in. (32.1 x 24.6cm),"Rogers Fund, 1918",,,,,,,,,,,,Drawings,,http://www.metmuseum.org/art/collection/search/333814,2019-08-01T04:38:22.923Z,"Metropolitan Museum of Art, New York, NY",Men,https://images.metmuseum.org/CRDImages/dp/web-large/DP805816.jpg
23.230.13,FALSE,TRUE,333868,Drawings and Prints,Drawing,Head of a Horse,,,,,,Artist,,Edgar Degas,"French, Paris 1834–1917 Paris",,"Degas, Edgar",French,1834,1917,ca. 1878,1873,1883,Graphite on wove paper,Sheet: 6 9/16 x 4 3/4 in. (16.7 x 12.1cm),"Gift of Albert Gallatin, 1923",,,,,,,,,,,,Drawings,,http://www.metmuseum.org/art/collection/search/333868,2019-02-01T10:50:49.477Z,"Metropolitan Museum of Art, New York, NY",Horses,https://images.metmuseum.org/CRDImages/dp/web-large/DP805821.jpg
29.100.941,FALSE,TRUE,333942,Drawings and Prints,Drawing,Dancer Adjusting Her Slipper,,,,,,Artist,,Edgar Degas,"French, Paris 1834–1917 Paris",,"Degas, Edgar",French,1834,1917,1873,1873,1873,Graphite heightened with black and white chalk on pink wove paper (now faded); squared for transfer,"Sheet: 13 in. × 9 5/8 in. (33 × 24.4 cm)
Framed: 21 × 16 in. (53.3 × 40.6 cm)","H. O. Havemeyer Collection, Bequest of Mrs. H. O. Havemeyer, 1929",,,,,,,,,,,,Drawings,,http://www.metmuseum.org/art/collection/search/333942,2019-07-12T05:28:01.84Z,"Metropolitan Museum of Art, New York, NY",Footwear|Women|Dancers,https://images.metmuseum.org/CRDImages/dp/web-large/DP805819.jpg
29.100.942,FALSE,TRUE,333943,Drawings and Prints,Drawing,Seated Dancer,,,,,,Artist,,Edgar Degas,"French, Paris 1834–1917 Paris",,"Degas, Edgar",French,1834,1917,1873–74,1873,1874,Graphite and charcoal heightened with white on pink wove paper;squared for transfer,Sheet: 16 9/16 x 12 5/8 in. (42 x 32cm),"H. O. Havemeyer Collection, Bequest of Mrs. H. O. Havemeyer, 1929",,,,,,,,,,,,Drawings,,http://www.metmuseum.org/art/collection/search/333943,2019-08-01T04:38:22.923Z,"Metropolitan Museum of Art, New York, NY",Women|Dancers,https://images.metmuseum.org/CRDImages/dp/web-large/DP805817.jpg
29.100.943,FALSE,TRUE,333944,Drawings and Prints,Drawing,Little Girl Practicing at the Bar,,,,,,Artist,,Edgar Degas,"French, Paris 1834–1917 Paris",,"Degas, Edgar",French,1834,1917,ca. 1878–80,1873,1885,"Black chalk and graphite, heightened with white chalk on pink laid paper",Sheet: 12 3/16 x 11 9/16 in. (31 x 29.3cm),"H. O. Havemeyer Collection, Bequest of Mrs. H. O. Havemeyer, 1929",,,,,,,,,,,,Drawings,,http://www.metmuseum.org/art/collection/search/333944,2019-07-12T05:28:01.84Z,"Metropolitan Museum of Art, New York, NY",Girls|Dancing,https://images.metmuseum.org/CRDImages/dp/web-large/DP805820.jpg
61.101.18,FALSE,TRUE,334223,Drawings and Prints,Drawing,Bather Drying Herself,,,,,,Artist,,Edgar Degas,"French, Paris 1834–1917 Paris",,"Degas, Edgar",French,1834,1917,ca. 1892,1890,1894,"Charcoal and pastel, heightened with white chalk, on tracing paper (mounted on cardboard)",Sheet: 10 3/8 x 10 3/8 in. (26.4 x 26.4cm),"Bequest of Stephen C. Clark, 1960",,,,,,,,,,,,Drawings,,http://www.metmuseum.org/art/collection/search/334223,2019-07-12T05:28:01.84Z,"Metropolitan Museum of Art, New York, NY",Female Nudes,https://images.metmuseum.org/CRDImages/dp/web-large/DP818918.jpg
1972.118.206,FALSE,TRUE,334311,Drawings and Prints,Drawing,A Jockey on His Horse,,,,,,Artist,,Edgar Degas,"French, Paris 1834–1917 Paris",,"Degas, Edgar",French,1834,1917,ca. 1868–70,1863,1873,Oil and graphite on faded pink paper,Sheet: 12 7/8 x 7 3/16 in. (32.7 x 18.3cm),"Bequest of Walter C. Baker, 1971",,,,,,,,,,,,Drawings,,http://www.metmuseum.org/art/collection/search/334311,2019-07-31T04:39:04.45Z,"Metropolitan Museum of Art, New York, NY",Men|Horses|Jockeys,https://images.metmuseum.org/CRDImages/dp/web-large/DP805825.jpg
1972.118.207,FALSE,TRUE,334312,Drawings and Prints,Drawing,Self-Portrait,,,,,,Artist,,Edgar Degas,"French, Paris 1834–1917 Paris",,"Degas, Edgar",French,1834,1917,by 1857,1857,1857,"Black chalk and graphite, heightened with white on heavy beige wove paper",Sheet: 11 3/4 x 9 1/8 in. (29.8 x 23.1cm),"Bequest of Walter C. Baker, 1971",,,,,,,,,,,,Drawings,,http://www.metmuseum.org/art/collection/search/334312,2019-08-01T04:38:22.923Z,"Metropolitan Museum of Art, New York, NY",Men|Self-portraits,https://images.metmuseum.org/CRDImages/dp/web-large/DP805828.jpg
1973.9,FALSE,TRUE,334322,Drawings and Prints,Album Sketchbook Drawing,Album of Forty-five Figure Studies,,,,,,Draftsman,,Edgar Degas,"French, Paris 1834–1917 Paris",,"Degas, Edgar",French,1834,1917,ca. 1882–85,1877,1890,"Black chalk on thin, eggshell paper",Sheet: 10 9/16 x 8 5/8 in. (26.8 x 21.9cm),"Fletcher Fund, 1973",,,,,,,,,,,,Albums|Drawings|Sketchbooks,,http://www.metmuseum.org/art/collection/search/334322,2019-06-05T13:02:04.6Z,"Metropolitan Museum of Art, New York, NY",Female Nudes,https://images.metmuseum.org/CRDImages/dp/web-large/DP102546.jpg
1973.84,FALSE,TRUE,334323,Drawings and Prints,Drawing,"Head of a Saint (profile to the right), after Fra Angelico",,,,,,Draftsman,,Edgar Degas,"French, Paris 1834–1917 Paris",,"Degas, Edgar",French,1834,1917,n.d.,1845,1917,"Black chalk, heightened with white, on pink-beige paper",Sheet: 9 1/16 x 4 3/16 in. (23 x 10.6cm),"Purchase, Rogers Fund and Mr. and Mrs. Henry Ittleson, Jr. Gift, 1973",,,,,,,,,,,,Drawings,,http://www.metmuseum.org/art/collection/search/334323,2019-02-01T10:50:49.477Z,"Metropolitan Museum of Art, New York, NY",Men|Profiles|Saints,https://images.metmuseum.org/CRDImages/dp/web-large/DP805823.jpg
1974.28,FALSE,TRUE,334324,Drawings and Prints,Drawing,"Standing Nude Youth, with right arm raised",,,,,,Artist,,Edgar Degas,"French, Paris 1834–1917 Paris",,"Degas, Edgar",French,1834,1917,1859–60,1859,1860,Graphite (partially rubbed) on wove paper,Sheet: 14 3/16 x 9 1/4 in. (36 x 23.5cm),"Gift of Alexander and Gregoire Tarnopol, 1974",,,,,,,,,,,,Drawings,,http://www.metmuseum.org/art/collection/search/334324,2019-08-07T04:40:54.593Z,"Metropolitan Museum of Art, New York, NY",Male Nudes,https://images.metmuseum.org/CRDImages/dp/web-large/DP805830.jpg
1974.356.43,FALSE,TRUE,334326,Drawings and Prints,Drawing,Dancer on pointe,,,,,,Draftsman,,Edgar Degas,"French, Paris 1834–1917 Paris",,"Degas, Edgar",French,1834,1917,ca. 1878,1873,1883,"Charcoal, heightened with white on beige wove paper",Sheet: 17 7/8 x 11 3/4 in. (45.4 x 29.8cm),"Bequest of Emma A. Sheafer, 1974, The Lesley and Emma Sheafer Collection",,,,,,,,,,,,Drawings,,http://www.metmuseum.org/art/collection/search/334326,2019-02-01T10:50:49.477Z,"Metropolitan Museum of Art, New York, NY",Women|Dancing,https://images.metmuseum.org/CRDImages/dp/web-large/DP166232.jpg
1975.5,FALSE,TRUE,334332,Drawings and Prints,Drawing,Study of a Draped Figure,,,,,,Draftsman,,Edgar Degas,"French, Paris 1834–1917 Paris",,"Degas, Edgar",French,1834,1917,1857–58,1857,1858,"Graphite heightened with white gouache, on beige laid paper",Sheet: 11 1/2 x 8 7/8 in. (29.2 x 22.5cm),"Rogers Fund, 1975",,,,,,,,,,,,Drawings,,http://www.metmuseum.org/art/collection/search/334332,2019-10-10T14:54:23.72Z,"Metropolitan Museum of Art, New York, NY",Human Figures,https://images.metmuseum.org/CRDImages/dp/web-large/DP805826.jpg
1976.201.7,FALSE,TRUE,334344,Drawings and Prints,Drawing,Dancer in Green,,,,,,Artist,,Edgar Degas,"French, Paris 1834–1917 Paris",,"Degas, Edgar",French,1834,1917,ca. 1883,1878,1888,Pastel on paper,Sheet: 27 15/16 x 14 15/16 in. (71 x 37.9cm),"Bequest of Joan Whitney Payson, 1975",,,,,,,,,,,,Drawings,,http://www.metmuseum.org/art/collection/search/334344,2019-02-01T10:50:49.477Z,"Metropolitan Museum of Art, New York, NY",Women|Dancing|Dancers,https://images.metmuseum.org/CRDImages/dp/web-large/EP1493.jpg
1976.201.8,FALSE,TRUE,334345,Drawings and Prints,Drawing,"Madame Théodore Gobillard (Yves Morisot, 1838–1893)",,,,,,Artist,,Edgar Degas,"French, Paris 1834–1917 Paris",,"Degas, Edgar",French,1834,1917,1869,1869,1869,Pastel on paper,Sheet: 18 7/8 x 11 13/16 in. (48 x 30cm),"Bequest of Joan Whitney Payson, 1975",,,,,,,,,,,,Drawings,,http://www.metmuseum.org/art/collection/search/334345,2019-06-04T15:29:22.52Z,"Metropolitan Museum of Art, New York, NY",Profiles|Women,https://images.metmuseum.org/CRDImages/dp/web-large/DT10319.jpg
1980.2,FALSE,TRUE,334361,Drawings and Prints,Drawing,Study for Vieille Italienne(recto); Drapery Study (verso),,,,,,Draftsman,,Edgar Degas,"French, Paris 1834–1917 Paris",,"Degas, Edgar",French,1834,1917,1856,1856,1856,Graphite on blue paper. Verso: graphite,Sheet: 17 1/16 x 11 5/8 in. (43.3 x 29.5cm),"Gift of Mrs. Charles Goldman, 1980",,,,,,,,,,,,Drawings,,http://www.metmuseum.org/art/collection/search/334361,2019-02-01T10:50:49.477Z,"Metropolitan Museum of Art, New York, NY",Sadness|Women,https://images.metmuseum.org/CRDImages/dp/web-large/DP810342.jpg
1984.76,FALSE,TRUE,334373,Drawings and Prints,Drawing,"Study for ""Mme Théodore Gobillard"" (née Yves Morisot)",,,,,,Artist,,Edgar Degas,"French, Paris 1834–1917 Paris",,"Degas, Edgar",French,1834,1917,1869,1869,1869,"Graphite, squared, on buff tracing paper, mounted on laid paper",Sheet: 12 3/8 x 17 5/16 in. (31.5 x 44cm),"Purchase, Harris Brisbane Dick Fund, David T. Schiff Gift, and Gifts in memory of Joseph Thomas, 1984",,,,,,,,,,,,Drawings,,http://www.metmuseum.org/art/collection/search/334373,2019-02-01T10:50:49.477Z,"Metropolitan Museum of Art, New York, NY",Women,https://images.metmuseum.org/CRDImages/dp/web-large/DP810344.jpg
1985.48,FALSE,TRUE,334424,Drawings and Prints,Drawing,Study for Mme Théodore Gobillard,,,,,,Draftsman,,Edgar Degas,"French, Paris 1834–1917 Paris",,"Degas, Edgar",French,1834,1917,1869,1869,1869,Graphite on pale buff wove paper,Sheet: 13 1/8 x 17 5/16 in. (33.3 x 44cm),"Gift of John R. Gaines, 1985",,,,,,,,,,,,Drawings,,http://www.metmuseum.org/art/collection/search/334424,2019-02-01T10:50:49.477Z,"Metropolitan Museum of Art, New York, NY",Portraits|Women,https://images.metmuseum.org/CRDImages/dp/web-large/DP810341.jpg
1992.36,FALSE,TRUE,334518,Drawings and Prints,Drawing,"Study of a Girl's Legs for the painting ""Young Spartans""",,,,,,Draftsman,,Edgar Degas,"French, Paris 1834–1917 Paris",,"Degas, Edgar",French,1834,1917,ca. 1860–62,1855,1867,Black chalk,Sheet: 16 3/16 x 11 1/4 in. (41.1 x 28.5cm),"Purchase, Family of Howard J. Barnet, in his memory, 1992",,,,,,,,,,,,Drawings,,http://www.metmuseum.org/art/collection/search/334518,2019-02-01T10:50:49.477Z,"Metropolitan Museum of Art, New York, NY",Female Nudes,https://images.metmuseum.org/CRDImages/dp/web-large/DP805829.jpg
19.51.9b,FALSE,TRUE,336788,Drawings and Prints,Drawing,"Bookshelves, Study for ""Edmond Duranty""",,,,,,Artist,,Edgar Degas,"French, Paris 1834–1917 Paris",,"Degas, Edgar",French,1834,1917,1879,1879,1879,"Dark brown chalk, heightened with white chalk, on blue laid paper, faded to beige",18 7/16 x 12 in.  (46.9 x 30.5 cm),"Rogers Fund, 1918",,,,,,,,,,,,Drawings,,http://www.metmuseum.org/art/collection/search/336788,2019-08-01T04:38:22.923Z,"Metropolitan Museum of Art, New York, NY",Books|Cabinets,https://images.metmuseum.org/CRDImages/dp/web-large/DP810340.jpg
29.100.186,FALSE,TRUE,336789,Drawings and Prints,Drawing,The Bath,,,,,,Artist,,Edgar Degas,"French, Paris 1834–1917 Paris",,"Degas, Edgar",French,1834,1917,1895 or before,1880,1895,Charcoal and pastel on heavy wove paper,12 5/8 x 10 1/8 in.  (32.1 x 25.7 cm),"H. O. Havemeyer Collection, Bequest of Mrs. H. O. Havemeyer, 1929",,,,,,,,,,,,Drawings,,http://www.metmuseum.org/art/collection/search/336789,2019-02-01T10:50:49.477Z,"Metropolitan Museum of Art, New York, NY",Female Nudes|Bathing,https://images.metmuseum.org/CRDImages/dp/web-large/DP805818.jpg
29.107.51,FALSE,TRUE,337781,Drawings and Prints,Print,Actresses in Their Dressing Rooms,,,,,,Artist,,Edgar Degas,"French, Paris 1834–1917 Paris",,"Degas, Edgar",French,1834,1917,1879–80,1879,1880,Etching and aquatint; fourth state of five,"sheet: 8 7/8 x 12 5/16 in. (22.5 x 31.2 cm)
plate: 6 5/16 x 8 3/8 in. (16 x 21.2 cm)","H. O. Havemeyer Collection, Bequest of Mrs. H. O. Havemeyer, 1929",,,,,,,,,,,,Prints,,http://www.metmuseum.org/art/collection/search/337781,2019-02-01T10:50:49.477Z,"Metropolitan Museum of Art, New York, NY",Women|Actresses,https://images.metmuseum.org/CRDImages/dp/web-large/DP815862.jpg
29.107.56,FALSE,TRUE,343331,Drawings and Prints,Print,The Engraver Joseph Tourny,,,,,,Artist,,Edgar Degas,"French, Paris 1834–1917 Paris",,"Degas, Edgar",French,1834,1917,1857,1857,1857,Etching (only state); fourth printing on laid paper (with corrosion partly cleaned and additional scratches),"plate: 9 1/16 x 5 11/16in. (23 x 14.4cm)
sheet: 12 3/8 x 8 7/8in. (31.5 x 22.5cm)","H.O. Havemeyer Collection. Bequest of Mrs. H. O. Havemeyer, 1929",,,,,,,,,,,,Prints,,http://www.metmuseum.org/art/collection/search/343331,2019-02-01T10:50:49.477Z,"Metropolitan Museum of Art, New York, NY",Men|Portraits,https://images.metmuseum.org/CRDImages/dp/web-large/DP815796.jpg
2001.202.2,FALSE,TRUE,344210,Drawings and Prints,Drawing,Dancer,,,,,,Artist,,Edgar Degas,"French, Paris 1834–1917 Paris",,"Degas, Edgar",French,1834,1917,ca. 1880,1875,1885,Pastel and charcoal on blue-gray wove paper,Sheet: 19 1/4 × 12 1/2 in. (48.9 × 31.8 cm),"The Walter H. and Leonore Annenberg Collection, Gift of Walter H. and Leonore Annenberg, 2001, Bequest of Walter H. Annenberg, 2002",,,,,,,,,,,,Drawings,,http://www.metmuseum.org/art/collection/search/344210,2019-08-05T11:55:36.47Z,"Metropolitan Museum of Art, New York, NY",Girls|Dancers,https://images.metmuseum.org/CRDImages/dp/web-large/DT4963.jpg
21.39.1,FALSE,TRUE,350283,Drawings and Prints,Print,Leaving the Bath,,,,,,Artist,,Edgar Degas,"French, Paris 1834–1917 Paris",,"Degas, Edgar",French,1834,1917,1879–80,1879,1880,"Drypoint and aquatint on laid paper; twelfth state of twenty-two, or more states","plate: 5 x 5 in. (12.7 x 12.7 cm)
sheet: 12 1/8 x 8 3/16 in. (30.8 x 20.8 cm)","Rogers Fund, 1921",,,,,,,,,,,,Prints,,http://www.metmuseum.org/art/collection/search/350283,2019-02-01T10:50:49.477Z,"Metropolitan Museum of Art, New York, NY",Female Nudes|Bathing,https://images.metmuseum.org/CRDImages/dp/web-large/DP815815.jpg
21.39.2,FALSE,TRUE,350327,Drawings and Prints,Print,On Stage III,,,,,,Artist,,Edgar Degas,"French, Paris 1834–1917 Paris",,"Degas, Edgar",French,1834,1917,1876–77,1876,1877,"Softground etching,drypoint, and roulette on wove paper; fourth state of five","sheet: 6 13/16 x 9 13/16 in. (17.3 x 25 cm)
plate: 3 7/8 x 5 in. (9.9 x 12.7 cm)","Rogers Fund, 1921",,,,,,,,,,,,Prints,,http://www.metmuseum.org/art/collection/search/350327,2019-02-01T10:50:49.477Z,"Metropolitan Museum of Art, New York, NY",Women,https://images.metmuseum.org/CRDImages/dp/web-large/DP815705.jpg
1972.626,FALSE,TRUE,357196,Drawings and Prints,Print,"Nude Woman Standing, Drying Herself",,,,,,Artist,,Edgar Degas,"French, Paris 1834–1917 Paris",,"Degas, Edgar",French,1834,1917,1891–92,1891,1892,"Lithograph, transfer from monotype, crayon, tusche, and scraping; fifth of six states","image: 13 x 9 5/8 in. (33 x 24.5 cm)
sheet: 14 3/4 x 10 3/8 in. (37.5 x 26.3 cm)","Purchase, Mr. and Mrs.Douglas Dillon Gift, 1972",,,,,,,,,,,,Prints,,http://www.metmuseum.org/art/collection/search/357196,2019-02-01T10:50:49.477Z,"Metropolitan Museum of Art, New York, NY",Female Nudes,https://images.metmuseum.org/CRDImages/dp/web-large/DP815871.jpg
68.542.2,FALSE,TRUE,358783,Drawings and Prints,Print,Greek Landscape,,,,,,Artist,,Edgar Degas,"French, Paris 1834–1917 Paris",,"Degas, Edgar",French,1834,1917,1856,1856,1856,Etching (only state; impression from cancelled plate),"sheet: 12 5/8 x 9 3/4 in. (32 x 24.8 cm)
plate: 3 1/8 x 2 9/16 in. (7.9 x 6.5 cm)","The Elisha Whittelsey Collection, The Elisha Whittelsey Fund, 1968",,,,,,,,,,,,Prints,,http://www.metmuseum.org/art/collection/search/358783,2019-02-01T10:50:49.477Z,"Metropolitan Museum of Art, New York, NY",Hills|Landscapes|Trees|Boats,https://images.metmuseum.org/CRDImages/dp/web-large/DP815807.jpg
67.809.4,FALSE,TRUE,358784,Drawings and Prints,Print,The Sportsman Mounting His Horse,,,,,,Artist,,Edgar Degas,"French, Paris 1834–1917 Paris",,"Degas, Edgar",French,1834,1917,1856,1856,1856,"Etching; fifth (final) state, from the canceled plate","plate: 3 1/4 x 2 15/16 in. (8.3 x 7.5 cm)
sheet: 12 13/16 x 9 5/8 in. (32.5 x 24.5 cm)","The Elisha Whittelsey Collection, The Elisha Whittelsey Fund, 1967",,,,,,,,,,,,Prints,,http://www.metmuseum.org/art/collection/search/358784,2019-02-01T10:50:49.477Z,"Metropolitan Museum of Art, New York, NY",Men|Horses,https://images.metmuseum.org/CRDImages/dp/web-large/DP815808.jpg
29.107.53,FALSE,TRUE,358786,Drawings and Prints,Print,Edgar Degas: Self-Portrait,,,,,,Artist,,Edgar Degas,"French, Paris 1834–1917 Paris",,"Degas, Edgar",French,1834,1917,1857,1857,1857,Etching and drypoint; third state of four,"plate: 9 1/16 x 5 11/16 in. (23 x 14.4 cm)
sheet: 13 3/4 x 10 1/8 in. (34.9 x 25.7 cm)","H.O. Havemeyer Collection, Bequest of Mrs. H.O. Havemeyer, 1929",,,,,,,,,,,,Prints,,http://www.metmuseum.org/art/collection/search/358786,2019-02-01T10:50:49.477Z,"Metropolitan Museum of Art, New York, NY",Men|Self-portraits,https://images.metmuseum.org/CRDImages/dp/web-large/DP815794.jpg
49.127.6,FALSE,TRUE,358790,Drawings and Prints,Print,Dante and Virgil,,,,,,Artist,,Edgar Degas,"French, Paris 1834–1917 Paris",,"Degas, Edgar",French,1834,1917,1857,1857,1857,Etching and drypoint on laid paper; second state of three (only known impression),"plate: 4 5/8 x 3 3/8 in. (11.8 x 8.6 cm)
sheet: 9 1/4 x 7 1/16 in. (23.5 x 17.9 cm)","Gift of Mrs. Imrie de Vegh, 1949",,,,,,,,,,,,Prints,,http://www.metmuseum.org/art/collection/search/358790,2019-02-21T03:00:46.757Z,"Metropolitan Museum of Art, New York, NY",Men,https://images.metmuseum.org/CRDImages/dp/web-large/DP815806.jpg
25.73.1,FALSE,TRUE,358792,Drawings and Prints,Print,Two Dancers in a Rehearsal Room,,,,,,Artist,,Edgar Degas,"French, Paris 1834–1917 Paris",,"Degas, Edgar",French,1834,1917,1877–78,1877,1878,"Aquatint, drypoint, and scraping on laid paper; only state","sheet: 9 7/16 x 8 1/16 in. (24 x 20.5 cm)
plate: 6 1/8 x 4 5/8 in. (15.6 x 11.7 cm)","Harris Brisbane Dick Fund, 1925",,,,,,,,,,,,Prints,,http://www.metmuseum.org/art/collection/search/358792,2019-02-01T10:50:49.477Z,"Metropolitan Museum of Art, New York, NY",Men|Women|Dancers,https://images.metmuseum.org/CRDImages/dp/web-large/DP815805.jpg
29.107.52,FALSE,TRUE,358793,Drawings and Prints,Print,Head of a Woman in Profile,,,,,,Artist,,Edgar Degas,"French, Paris 1834–1917 Paris",,"Degas, Edgar",French,1834,1917,1879–80,1879,1880,"Softground etching, aquatint, and drypoint on laid paper (unique impression)","plate: 4 1/2 x 4 7/16 in. (11.5 x 11.3 cm)
sheet: 7 5/8 x 10 1/4 in. (19.3 x 26 cm)","H.O. Havemeyer Collection, Bequest of Mrs. H.O. Havemeyer, 1929",,,,,,,,,,,,Prints,,http://www.metmuseum.org/art/collection/search/358793,2019-07-11T04:57:01.927Z,"Metropolitan Museum of Art, New York, NY",Profiles|Women,https://images.metmuseum.org/CRDImages/dp/web-large/DP815811.jpg
1982.1025,FALSE,TRUE,358794,Drawings and Prints,Print,Factory Smoke,,,,,,Artist,,Edgar Degas,"French, Paris 1834–1917 Paris",,"Degas, Edgar",French,1834,1917,1877–79,1877,1879,Monotype printed in black ink on laid paper,"sheet: 5 13/16 x 6 13/16 in. (14.7 x 17.3 cm)
plate: 4 11/16 x 6 5/16 in. (11.9 x 16.1 cm)","The Elisha Whittelsey Collection, The Elisha Whittelsey Fund, 1982",,,,,,,,,,,,Prints,,http://www.metmuseum.org/art/collection/search/358794,2019-07-12T05:28:01.84Z,"Metropolitan Museum of Art, New York, NY",,https://images.metmuseum.org/CRDImages/dp/web-large/DP815809.jpg
59.651,FALSE,TRUE,358795,Drawings and Prints,Print,The Jet Earring,,,,,,Artist,,Edgar Degas,"French, Paris 1834–1917 Paris",,"Degas, Edgar",French,1834,1917,1876–77,1876,1877,Monotype printed in black ink on white wove paper,"Plate: 3 1/4 x 2 3/4 in. (8.2 x 7 cm)
Sheet: 7 1/16 x 5 3/16 in. (18 x 13.2 cm)","Anonymous Gift, in memory of Francis Henry Taylor, 1959",,,,,,,,,,,,Prints,,http://www.metmuseum.org/art/collection/search/358795,2019-07-12T05:28:01.84Z,"Metropolitan Museum of Art, New York, NY",Earrings|Hair|Women,https://images.metmuseum.org/CRDImages/dp/web-large/DT272856.jpg
29.107.54,FALSE,TRUE,358796,Drawings and Prints,Print,Girl Putting on Her Stockings,,,,,,Artist,,Edgar Degas,"French, Paris 1834–1917 Paris",,"Degas, Edgar",French,1834,1917,1876–77,1876,1877,"Monotype in black ink printed on china paper, mounted on cardboard (monotype)","plate: 6 1/4 x 4 5/8 in. (15.9 x 11.8 cm)
sheet: 7 3/4 x 6 3/16 in. (19.7 x 15.7 cm)","H.O. Havemeyer Collection, Bequest of Mrs. H.O. Havemeyer, 1929",,,,,,,,,,,,Prints,,http://www.metmuseum.org/art/collection/search/358796,2019-02-01T10:50:49.477Z,"Metropolitan Museum of Art, New York, NY",Female Nudes,https://images.metmuseum.org/CRDImages/dp/web-large/DP166231.jpg
1972.659,FALSE,TRUE,358798,Drawings and Prints,Print,Leaving the Bath,,,,,,Artist,,Edgar Degas,"French, Paris 1834–1917 Paris",,"Degas, Edgar",French,1834,1917,1879–80,1879,1880,Drypoint and aquatint on wove paper; fifteenth state of twenty-two or more states,"sheet: 9 1/4 x 7 1/8 in. (23.5 x 18.1 cm)
plate: 5 x 5 1/16 in. (12.7 x 12.8 cm)","Harris Brisbane Dick Fund, Rogers Fund, The Elisha Whittelsey Collection, The Elisha Whittelsey Fund, 1972, by exchange",,,,,,,,,,,,Prints,,http://www.metmuseum.org/art/collection/search/358798,2019-07-11T04:57:01.927Z,"Metropolitan Museum of Art, New York, NY",Female Nudes,https://images.metmuseum.org/CRDImages/dp/web-large/DP815816.jpg
68.673.34,FALSE,TRUE,358799,Drawings and Prints,Print,Head and Shoulders of a Young Woman in Profile I,,,,,,Artist,,Edgar Degas,"French, Paris 1834–1917 Paris",,"Degas, Edgar",French,1834,1917,ca. 1879,1874,1884,Softground etching; printed from canceled plate,"sheet: 12 7/8 x 9 13/16 in. (32.7 x 24.9 cm)
plate: 3 3/16 x 2 13/16 in. (8.1 x 7.1 cm)","The Elisha Whittelsey Collection, The Elisha Whittelsey Fund, 1968",,,,,,,,,,,,Prints,,http://www.metmuseum.org/art/collection/search/358799,2019-02-02T04:45:41.477Z,"Metropolitan Museum of Art, New York, NY",Women,https://images.metmuseum.org/CRDImages/dp/web-large/DP815812.jpg
63.625.21,FALSE,TRUE,358800,Drawings and Prints,Print,Seated Woman in Bonnet and Shawl,,,,,,Artist,,Edgar Degas,"French, Paris 1834–1917 Paris",,"Degas, Edgar",French,1834,1917,ca. 1879,1874,1884,"Aquatint, drypoint, and etching; printed from canceled plate","sheet: 12 5/8 x 9 13/16 in. (32 x 24.9 cm)
plate: 6 1/4 x 4 11/16 in. (15.9 x 11.9 cm)","The Elisha Whittelsey Collection, The Elisha Whittelsey Fund, 1963",,,,,,,,,,,,Prints,,http://www.metmuseum.org/art/collection/search/358800,2019-02-01T10:50:49.477Z,"Metropolitan Museum of Art, New York, NY",Hats|Women,https://images.metmuseum.org/CRDImages/dp/web-large/DP815866.jpg
50.536,FALSE,TRUE,358802,Drawings and Prints,Print,Horses in the Meadow,,,,,,Artist,,Edgar Degas,"French, Paris 1834–1917 Paris",,"Degas, Edgar",French,1834,1917,1891–92,1891,1892,"Softground etching, aquatint, and drypoint on laid paper; second state of three (unique impression)","plate: 5 1/16 x 5 11/16 in. (12.9 x 14.5 cm)
sheet: 8 11/16 x 11 15/16 in. (22.1 x 30.3 cm)","The Elisha Whittelsey Collection, The Elisha Whittelsey Fund, 1950",,,,,,,,,,,,Prints,,http://www.metmuseum.org/art/collection/search/358802,2019-02-01T10:50:49.477Z,"Metropolitan Museum of Art, New York, NY",Horses|Landscapes,https://images.metmuseum.org/CRDImages/dp/web-large/DP815817.jpg
1982.116,FALSE,TRUE,358803,Drawings and Prints,Print,At the Café des Ambassadeurs,,,,,,Artist,,Edgar Degas,"French, Paris 1834–1917 Paris",,"Degas, Edgar",French,1834,1917,1879–80,1879,1880,"Etching, softground, drypoint, and aquatint; fifth (final) state; canceled plate","sheet: 12 7/8 x 15 11/16 in. (32.7 x 39.9 cm)
plate: 10 1/2 x 11 9/16 in. (26.7 x 29.3 cm)","The Elisha Whittelsey Collection, The Elisha Whittelsey Fund, 1982",,,,,,,,,,,,Prints,,http://www.metmuseum.org/art/collection/search/358803,2019-02-01T10:50:49.477Z,"Metropolitan Museum of Art, New York, NY",Women,https://images.metmuseum.org/CRDImages/dp/web-large/DP815863.jpg
22.63.31,FALSE,TRUE,359324,Drawings and Prints,Print,Self-portrait,,,,,,Artist,,Edgar Degas,"French, Paris 1834–1917 Paris",,"Degas, Edgar",French,1834,1917,1857,1857,1857,Etching and bitten tone on wove paper; second state of four,"plate: 9 1/16 x 5 11/16 in. (23 x 14.4 cm)
sheet: 10 3/8 x 6 3/4 in. (26.3 x 17.2 cm)","Purchase, Jacob H. Schiff Bequest, 1922",,,,,,,,,,,,Prints,,http://www.metmuseum.org/art/collection/search/359324,2019-02-01T10:50:49.477Z,"Metropolitan Museum of Art, New York, NY",Men|Self-portraits,https://images.metmuseum.org/CRDImages/dp/web-large/DP815870.jpg
68.67,FALSE,TRUE,359361,Drawings and Prints,Print,The Fireside,,,,,,Artist,,Edgar Degas,"French, Paris 1834–1917 Paris",,"Degas, Edgar",French,1834,1917,ca. 1876–77,1871,1882,Monotype in black ink on white heavy laid paper,"plate: 16 3/4 x 23 1/16 in. (42.5 x 58.6 cm)
sheet: 19 3/4 x 25 1/2 in. (50.2 x 64.8 cm)","Harris Brisbane Dick Fund, The Elisha Whittelsey Collection, The Elisha Whittelsey Fund, and C. Douglas Dillon Gift, 1968",,,,,,,,,,,,Prints,,http://www.metmuseum.org/art/collection/search/359361,2019-10-10T14:54:23.72Z,"Metropolitan Museum of Art, New York, NY",Fireplaces|Human Figures,https://images.metmuseum.org/CRDImages/dp/web-large/DT11921.jpg
1972.636,FALSE,TRUE,359362,Drawings and Prints,Print,Landscape,,,,,,Artist,,Edgar Degas,"French, Paris 1834–1917 Paris",,"Degas, Edgar",French,1834,1917,1892,1892,1892,"Monotype in oil colors, heightened with pastel",sheet: 10 x 13 3/8 in. (25.4 x 34 cm),"Purchase, Mr. and Mrs. Richard J. Bernhard Gift, 1972",,,,,,,,,,,,Prints,,http://www.metmuseum.org/art/collection/search/359362,2019-07-12T05:28:01.84Z,"Metropolitan Museum of Art, New York, NY",Mountains|Landscapes,https://images.metmuseum.org/CRDImages/dp/web-large/DP815958.jpg
1972.571,FALSE,TRUE,359363,Drawings and Prints,Print,After the Bath III,,,,,,Artist,,Edgar Degas,"French, Paris 1834–1917 Paris",,"Degas, Edgar",French,1834,1917,1891–92,1891,1892,"Lithograph, transfer, and crayon; first state of two","image: 9 13/16 x 9 1/16 in. (25 x 23 cm)
stone: 12 5/16 x 10 5/16 in. (31.2 x 26.2 cm)","Bequest of Clifford A. Furst and Harris Brisbane Dick Fund, by exchange, 1972",,,,,,,,,,,,Prints,,http://www.metmuseum.org/art/collection/search/359363,2019-02-01T10:50:49.477Z,"Metropolitan Museum of Art, New York, NY",Female Nudes,https://images.metmuseum.org/CRDImages/dp/web-large/DP822537.jpg
1987.1091,FALSE,TRUE,359364,Drawings and Prints,Print,After the Bath III,,,,,,Artist,,Edgar Degas,"French, Paris 1834–1917 Paris",,"Degas, Edgar",French,1834,1917,1891–92,1891,1892,"Lithograph, transfer, and crayon; second state of two, printed on cream, textured, laid paper with watermark:  AL in double oval","image: 9 13/16 x 9 1/16 in. (25 x 23 cm)
stone: 11 7/16 x 9 1/4 in. (29 x 23.5 cm)
sheet: 14 3/4 x 10 5/8 in. (37.5 x 27 cm)","The Elisha Whittelsey Collection. The Elisha Whittelsey Fund, 1987",,,,,,,,,,,,Prints,,http://www.metmuseum.org/art/collection/search/359364,2019-02-01T10:50:49.477Z,"Metropolitan Museum of Art, New York, NY",Female Nudes,https://images.metmuseum.org/CRDImages/dp/web-large/DP822536.jpg
1974.547.1,FALSE,TRUE,359365,Drawings and Prints,Print,After the Bath (large version),,,,,,Artist,,Edgar Degas,"French, Paris 1834–1917 Paris",,"Degas, Edgar",French,1834,1917,1891–92,1891,1892,"Lithograph, transfer, and crayon on laid paper; fifth (final) state","image: 11 13/16 x 12 3/16 in. (30 x 31 cm)
plate: 11 13/16 x 13 3/8 in. (30 x 34 cm)
sheet: 17 x 19 1/4 in. (43.2 x 48.9 cm)","Bequest of Clifford A. Furst, by exchange, 1974",,,,,,,,,,,,Prints,,http://www.metmuseum.org/art/collection/search/359365,2019-10-10T14:54:23.72Z,"Metropolitan Museum of Art, New York, NY",Human Figures,https://images.metmuseum.org/CRDImages/dp/web-large/DP820727.jpg
2003.20.5,FALSE,TRUE,364337,Drawings and Prints,Drawing,Italian Woman,,,,,,Artist,Attributed to,Edgar Degas,"French, Paris 1834–1917 Paris",,"Degas, Edgar",French,1834,1917,ca. 1856–57,1851,1862,Graphite and watercolor on laid paper,sheet: 8 1/4 x 4 1/8 in. (21 x 10.5 cm),"The Walter H. and Leonore Annenberg Collection, Bequest of Walter H. Annenberg, 2002",,,,,,,,,,,,Drawings,,http://www.metmuseum.org/art/collection/search/364337,2019-07-03T04:43:52.37Z,"Metropolitan Museum of Art, New York, NY",Women,https://images.metmuseum.org/CRDImages/dp/web-large/DP818917.jpg
66.65.2,FALSE,TRUE,436120,European Paintings,Painting,The Old Italian Woman,,,,,,Artist,,Edgar Degas,"French, Paris 1834–1917 Paris",,"Degas, Edgar",French,1834,1917,1857,1857,1857,Oil on canvas,29 1/2 x 24 in. (74.9 x 61 cm),"Bequest of Charles Goldman, 1966",,,,,,,,,,,,Paintings,,http://www.metmuseum.org/art/collection/search/436120,2019-06-04T15:29:22.52Z,"Metropolitan Museum of Art, New York, NY",Portraits|Women,https://images.metmuseum.org/CRDImages/ep/web-large/EP1004.jpg
29.100.128,TRUE,TRUE,436121,European Paintings,Painting,A Woman Seated beside a Vase of Flowers (Madame Paul Valpinçon?),,,,,,Artist,,Edgar Degas,"French, Paris 1834–1917 Paris",,"Degas, Edgar",French,1834,1917,1865,1865,1865,"Oil on canvas
",29 x 36 1/2 in. (73.7 x 92.7 cm),"H. O. Havemeyer Collection, Bequest of Mrs. H. O. Havemeyer, 1929",,,,,,,,,,,,Paintings,,http://www.metmuseum.org/art/collection/search/436121,2019-10-24T04:56:05.62Z,"Metropolitan Museum of Art, New York, NY",Women|Flowers|Vases,https://images.metmuseum.org/CRDImages/ep/web-large/DT1566.jpg
29.100.44,FALSE,TRUE,436122,European Paintings,Painting,The Collector of Prints,,,,,,Artist,,Edgar Degas,"French, Paris 1834–1917 Paris",,"Degas, Edgar",French,1834,1917,1866,1866,1866,Oil on canvas,20 7/8 x 15 3/4 in. (53 x 40 cm),"H. O. Havemeyer Collection, Bequest of Mrs. H. O. Havemeyer, 1929",,,,,,,,,,,,Paintings,,http://www.metmuseum.org/art/collection/search/436122,2019-06-04T15:29:22.52Z,"Metropolitan Museum of Art, New York, NY",Men|Portraits,https://images.metmuseum.org/CRDImages/ep/web-large/DT1920.jpg
29.100.552,FALSE,TRUE,436123,European Paintings,Painting,"The Ballet from ""Robert le Diable""",,,,,,Artist,,Edgar Degas,"French, Paris 1834–1917 Paris",,"Degas, Edgar",French,1834,1917,1871,1871,1871,Oil on canvas,26 x 21 3/8 in. (66 x 54.3 cm),"H. O. Havemeyer Collection, Bequest of Mrs. H. O. Havemeyer, 1929",,,,,,,,,,,,Paintings,,http://www.metmuseum.org/art/collection/search/436123,2019-08-15T17:33:38.683Z,"Metropolitan Museum of Art, New York, NY",Performance|Men|Spectators|Dancing,https://images.metmuseum.org/CRDImages/ep/web-large/DT1911.jpg
29.100.40,FALSE,TRUE,436124,European Paintings,Drawing,"The Artist's Cousin, Probably Mrs. William Bell (Mathilde Musson, 1841–1878)",,,,,,Artist,,Edgar Degas,"French, Paris 1834–1917 Paris",,"Degas, Edgar",French,1834,1917,1873,1873,1873,"Pastel on green wove paper, now darkened to brown",18 5/8 x 15 1/8 in. (47.3 x 38.4 cm),"H. O. Havemeyer Collection, Bequest of Mrs. H. O. Havemeyer, 1929",,,,,,,,,,,,Drawings,,http://www.metmuseum.org/art/collection/search/436124,2019-05-23T10:39:17.207Z,"Metropolitan Museum of Art, New York, NY",Portraits|Women,https://images.metmuseum.org/CRDImages/ep/web-large/DP338363.jpg
29.100.185,FALSE,TRUE,436125,European Paintings,Drawing,Woman on a Sofa,,,,,,Artist,,Edgar Degas,"French, Paris 1834–1917 Paris",,"Degas, Edgar",French,1834,1917,1875,1875,1875,"Oil colors freely mixed with turpentine, with touches of pastel, over graphite underdrawing, on pink paper",19 1/8 x 16 3/4 in. (48.6 x 42.5 cm),"H. O. Havemeyer Collection, Bequest of Mrs. H. O. Havemeyer, 1929",,,,,,,,,,,,Drawings,,http://www.metmuseum.org/art/collection/search/436125,2019-06-04T15:29:22.52Z,"Metropolitan Museum of Art, New York, NY",Women,https://images.metmuseum.org/CRDImages/ep/web-large/DP289327.jpg
29.100.38,FALSE,TRUE,436126,European Paintings,Drawing,At the Milliner's,,,,,,Artist,,Edgar Degas,"French, Paris 1834–1917 Paris",,"Degas, Edgar",French,1834,1917,1882,1882,1882,"Pastel on pale gray wove paper (industrial wrapping paper), laid down on silk bolting",30 x 34 in. (76.2 x 86.4 cm),"H. O. Havemeyer Collection, Bequest of Mrs. H. O. Havemeyer, 1929",,,,,,,,,,,,Drawings,,http://www.metmuseum.org/art/collection/search/436126,2019-06-04T15:29:22.52Z,"Metropolitan Museum of Art, New York, NY",Hats|Women,https://images.metmuseum.org/CRDImages/ep/web-large/DT1046.jpg
29.100.41,FALSE,TRUE,436127,European Paintings,Drawing,Woman Bathing in a Shallow Tub,,,,,,Artist,,Edgar Degas,"French, Paris 1834–1917 Paris",,"Degas, Edgar",French,1834,1917,1885,1885,1885,"Charcoal and pastel on light green wove paper, now discolored to warm gray, laid down on silk bolting","32 x 22 1/8in. (81.3 x 56.2cm)
","H. O. Havemeyer Collection, Bequest of Mrs. H. O. Havemeyer, 1929",,,,,,,,,,,,Drawings,,http://www.metmuseum.org/art/collection/search/436127,2019-05-23T10:39:17.207Z,"Metropolitan Museum of Art, New York, NY",Female Nudes|Bathing,https://images.metmuseum.org/CRDImages/ep/web-large/DP253483.jpg
29.100.37,FALSE,TRUE,436128,European Paintings,Drawing,Woman with a Towel,,,,,,Artist,,Edgar Degas,"French, Paris 1834–1917 Paris",,"Degas, Edgar",French,1834,1917,1894 or 1898,1894,1894,Pastel on cream-colored wove paper with red and blue fibers throughout,"37 3/4 x 30in. (95.9 x 76.2cm)
Frame: 44 1/4 x 36 1/4 x 1 7/8 in. (112.4 x 92.1 x 4.8 cm)","H. O. Havemeyer Collection, Bequest of Mrs. H. O. Havemeyer, 1929",,,,,,,,,,,,Drawings,,http://www.metmuseum.org/art/collection/search/436128,2019-05-23T10:39:17.207Z,"Metropolitan Museum of Art, New York, NY",Female Nudes,https://images.metmuseum.org/CRDImages/ep/web-large/DP253482.jpg
29.100.190,FALSE,TRUE,436131,European Paintings,Drawing,Bather Stepping into a Tub,,,,,,Artist,,Edgar Degas,"French, Paris 1834–1917 Paris",,"Degas, Edgar",French,1834,1917,ca. 1890,1885,1895,"Pastel and charcoal on blue laid paper, mounted at perimeter on backing board",22 x 18 3/4 in. (55.9 x 47.6 cm),"H. O. Havemeyer Collection, Bequest of Mrs. H. O. Havemeyer, 1929",,,,,,,,,,,,Drawings,,http://www.metmuseum.org/art/collection/search/436131,2019-05-23T10:39:17.207Z,"Metropolitan Museum of Art, New York, NY",Female Nudes|Bathing,https://images.metmuseum.org/CRDImages/ep/web-large/DP253484.jpg
1971.185,FALSE,TRUE,436132,European Paintings,Drawing,The Dance Lesson,,,,,,Artist,,Edgar Degas,"French, Paris 1834–1917 Paris",,"Degas, Edgar",French,1834,1917,ca. 1879,1874,1884,"Pastel and black chalk on three pieces of wove paper, joined together",25 3/8 x 22 1/8 in. (64.5 x 56.2 cm),"H. O. Havemeyer Collection, Gift of Adaline Havemeyer Perkins, in memory of her father, Horace Havemeyer, 1971",,,,,,,,,,,,Drawings,,http://www.metmuseum.org/art/collection/search/436132,2019-06-04T15:29:22.52Z,"Metropolitan Museum of Art, New York, NY",Men|Women|Dancing|Violins,https://images.metmuseum.org/CRDImages/ep/web-large/DT1883.jpg
1974.356.30,FALSE,TRUE,436134,European Paintings,Drawing,Dancer Onstage,,,,,,Artist,,Edgar Degas,"French, Paris 1834–1917 Paris",,"Degas, Edgar",French,1834,1917,ca. 1877,1872,1882,"Gouache over graphite underdrawing on thin wove commercially coated yellow paper, laid down on board",Paper 6 3/4 x 8 3/8 in. (17.1 x 21.3 cm); board 7 x 9 in. (17.8 x 22.9 cm),"The Lesley and Emma Sheafer Collection, Bequest of Emma A. Sheafer, 1973",,,,,,,,,,,,Drawings,,http://www.metmuseum.org/art/collection/search/436134,2019-05-23T10:39:17.207Z,"Metropolitan Museum of Art, New York, NY",Women|Dancing|Dancers,https://images.metmuseum.org/CRDImages/ep/web-large/DT1913.jpg
29.100.188,FALSE,TRUE,436135,European Paintings,Drawing,Dancer with a Fan,,,,,,Artist,,Edgar Degas,"French, Paris 1834–1917 Paris",,"Degas, Edgar",French,1834,1917,ca. 1880,1875,1885,Pastel on gray-green laid paper,24 x 16 1/2 in. (61 x 41.9 cm),"H. O. Havemeyer Collection, Bequest of Mrs. H. O. Havemeyer, 1929",,,,,,,,,,,,Drawings,,http://www.metmuseum.org/art/collection/search/436135,2019-05-23T10:39:17.207Z,"Metropolitan Museum of Art, New York, NY",Fans|Girls|Dancers,https://images.metmuseum.org/CRDImages/ep/web-large/ep29.100.188.bw.R.jpg
29.100.557,FALSE,TRUE,436136,European Paintings,Drawing,Dancer with a Fan,,,,,,Artist,,Edgar Degas,"French, Paris 1834–1917 Paris",,"Degas, Edgar",French,1834,1917,ca. 1890–95,1890,1895,Pastel and charcoal on buff-colored wove tracing paper,21 7/8 x 19 1/4 in. (55.6 x 48.9 cm),"H. O. Havemeyer Collection, Bequest of Mrs. H. O. Havemeyer, 1929",,,,,,,,,,,,Drawings,,http://www.metmuseum.org/art/collection/search/436136,2019-05-23T10:39:17.207Z,"Metropolitan Museum of Art, New York, NY",Fans|Women|Dancers,https://images.metmuseum.org/CRDImages/ep/web-large/DT12066.jpg
64.165.1,FALSE,TRUE,436137,European Paintings,Drawing,The Dancers,,,,,,Artist,,Edgar Degas,"French, Paris 1834–1917 Paris",,"Degas, Edgar",French,1834,1917,,1854,1917,Pastel and charcoal on paper,28 x 23 1/4 in. (71.1 x 59.1 cm),"Gift of George N. and Helen M. Richard, 1964",,,,,,,,,,,,Drawings,,http://www.metmuseum.org/art/collection/search/436137,2019-10-28T04:40:45.873Z,"Metropolitan Museum of Art, New York, NY",Women|Dancers,https://images.metmuseum.org/CRDImages/ep/web-large/77I_053R2M.jpg
29.100.127,FALSE,TRUE,436138,European Paintings,Painting,Dancers in the Rehearsal Room with a Double Bass,,,,,,Artist,,Edgar Degas,"French, Paris 1834–1917 Paris",,"Degas, Edgar",French,1834,1917,ca. 1882–85,1882,1885,Oil on canvas,15 3/8 x 35 1/4 in. (39.1 x 89.5 cm),"H. O. Havemeyer Collection, Bequest of Mrs. H. O. Havemeyer, 1929",,,,,,,,,,,,Paintings,,http://www.metmuseum.org/art/collection/search/436138,2019-08-08T04:41:12.893Z,"Metropolitan Museum of Art, New York, NY",Musical Instruments|Women|Dancers,https://images.metmuseum.org/CRDImages/ep/web-large/DP275510.jpg
29.100.34,FALSE,TRUE,436139,European Paintings,Painting,Dancers Practicing at the Barre,,,,,,Artist,,Edgar Degas,"French, Paris 1834–1917 Paris",,"Degas, Edgar",French,1834,1917,1877,1877,1877,Mixed media on canvas,29 3/4 x 32 in. (75.6 x 81.3 cm),"H. O. Havemeyer Collection, Bequest of Mrs. H. O. Havemeyer, 1929",,,,,,,,,,,,Paintings,,http://www.metmuseum.org/art/collection/search/436139,2019-08-13T14:03:09.47Z,"Metropolitan Museum of Art, New York, NY",Girls|Dancing|Dancers,https://images.metmuseum.org/CRDImages/ep/web-large/DT840.jpg
29.100.42,FALSE,TRUE,436140,European Paintings,Painting,"Dancers, Pink and Green",,,,,,Artist,,Edgar Degas,"French, Paris 1834–1917 Paris",,"Degas, Edgar",French,1834,1917,ca. 1890,1885,1895,Oil on canvas,32 3/8 x 29 3/4 in. (82.2 x 75.6 cm),"H. O. Havemeyer Collection, Bequest of Mrs. H. O. Havemeyer, 1929",,,,,,,,,,,,Paintings,,http://www.metmuseum.org/art/collection/search/436140,2019-08-28T04:41:12.553Z,"Metropolitan Museum of Art, New York, NY",Women|Dancers,https://images.metmuseum.org/CRDImages/ep/web-large/DP-14936-033.jpg
29.100.184,FALSE,TRUE,436141,European Paintings,Painting,The Dancing Class,,,,,,Artist,,Edgar Degas,"French, Paris 1834–1917 Paris",,"Degas, Edgar",French,1834,1917,ca. 1870,1870,1870,Oil on wood,7 3/4 x 10 5/8 in. (19.7 x 27 cm),"H. O. Havemeyer Collection, Bequest of Mrs. H. O. Havemeyer, 1929",,,,,,,,,,,,Paintings,,http://www.metmuseum.org/art/collection/search/436141,2019-08-08T04:41:12.893Z,"Metropolitan Museum of Art, New York, NY",Men|Women|Dancing|Mirrors,https://images.metmuseum.org/CRDImages/ep/web-large/DT1564.jpg
29.100.555,FALSE,TRUE,436142,European Paintings,Drawing,Fan Mount: Ballet Girls,,,,,,Artist,,Edgar Degas,"French, Paris 1834–1917 Paris",,"Degas, Edgar",French,1834,1917,1879,1879,1879,"Watercolor, silver, and gold on silk","7 1/2 x 22 3/4 in. (19.1 x 57.8 cm)

","H. O. Havemeyer Collection, Bequest of Mrs. H. O. Havemeyer, 1929",,,,,,,,,,,,Drawings,,http://www.metmuseum.org/art/collection/search/436142,2019-09-10T05:00:30.287Z,"Metropolitan Museum of Art, New York, NY",Girls|Dancers,https://images.metmuseum.org/CRDImages/ep/web-large/DT1869.jpg
29.100.554,FALSE,TRUE,436143,European Paintings,Drawing,Fan Mount: The Ballet,,,,,,Artist,,Edgar Degas,"French, Paris 1834–1917 Paris",,"Degas, Edgar",French,1834,1917,1879,1879,1879,"Watercolor, India ink, silver, and gold on silk",6 1/8 x 21 1/4 in. (15.6 x 54 cm),"H. O. Havemeyer Collection, Bequest of Mrs. H. O. Havemeyer, 1929",,,,,,,,,,,,Drawings,,http://www.metmuseum.org/art/collection/search/436143,2019-09-12T04:57:40.783Z,"Metropolitan Museum of Art, New York, NY",Fans|Women|Dancing,https://images.metmuseum.org/CRDImages/ep/web-large/DT241540.jpg
39.161,FALSE,TRUE,436144,European Paintings,Painting,James-Jacques-Joseph Tissot (1836–1902),,,,,,Artist,,Edgar Degas,"French, Paris 1834–1917 Paris",,"Degas, Edgar",French,1834,1917,ca. 1867–68,1867,1868,Oil on canvas,59 5/8 x 44 in. (151.4 x 111.8 cm),"Rogers Fund, 1939",,,,,,,,,,,,Paintings,,http://www.metmuseum.org/art/collection/search/436144,2019-09-24T05:01:33.66Z,"Metropolitan Museum of Art, New York, NY",Men|Portraits|Artists,https://images.metmuseum.org/CRDImages/ep/web-large/DT2117.jpg
29.100.181,FALSE,TRUE,436145,European Paintings,Painting,Joseph-Henri Altès (1826–1895),,,,,,Artist,,Edgar Degas,"French, Paris 1834–1917 Paris",,"Degas, Edgar",French,1834,1917,1868,1868,1868,Oil on canvas,9 7/8 x 7 7/8 in. (25.1 x 20 cm); with added strips 10 5/8 x 8 1/2 in. (27 x 21.6 cm),"H. O. Havemeyer Collection, Bequest of Mrs. H. O. Havemeyer, 1929",,,,,,,,,,,,Paintings,,http://www.metmuseum.org/art/collection/search/436145,2019-06-26T04:44:12.217Z,"Metropolitan Museum of Art, New York, NY",Men|Profiles,https://images.metmuseum.org/CRDImages/ep/web-large/DT204709.jpg
29.100.45,FALSE,TRUE,436149,European Paintings,Painting,"Madame Théodore Gobillard (Yves Morisot, 1838–1893)",,,,,,Artist,,Edgar Degas,"French, Paris 1834–1917 Paris",,"Degas, Edgar",French,1834,1917,1869,1869,1869,Oil on canvas,21 3/4 x 25 5/8 in. (55.2 x 65.1 cm),"H. O. Havemeyer Collection, Bequest of Mrs. H. O. Havemeyer, 1929",,,,,,,,,,,,Paintings,,http://www.metmuseum.org/art/collection/search/436149,2019-07-11T04:57:01.927Z,"Metropolitan Museum of Art, New York, NY",Profiles|Women,https://images.metmuseum.org/CRDImages/ep/web-large/DT2156.jpg
29.100.182,FALSE,TRUE,436150,European Paintings,Painting,Mademoiselle Marie Dihau (1843–1935),,,,,,Artist,,Edgar Degas,"French, Paris 1834–1917 Paris",,"Degas, Edgar",French,1834,1917,1867–68,1867,1868,Oil on canvas,8 3/4 x 10 3/4 in. (22.2 x 27.3 cm),"H. O. Havemeyer Collection, Bequest of Mrs. H. O. Havemeyer, 1929",,,,,,,,,,,,Paintings,,http://www.metmuseum.org/art/collection/search/436150,2019-06-04T15:29:22.52Z,"Metropolitan Museum of Art, New York, NY",Profiles|Women|Musicians,https://images.metmuseum.org/CRDImages/ep/web-large/DT267444.jpg
22.27.3,FALSE,TRUE,436151,European Paintings,Drawing,The Milliner,,,,,,Artist,,Edgar Degas,"French, Paris 1834–1917 Paris",,"Degas, Edgar",French,1834,1917,ca. 1882,1877,1887,"Pastel and charcoal on warm gray wove paper, now discolored to buff (watermark MICHALLET), laid down on dark brown wove paper",18 3/4 x 24 1/2 in. (47.6 x 62.2 cm),"Purchase, Rogers Fund and Dikran G. Kelekian Gift, 1922",,,,,,,,,,,,Drawings,,http://www.metmuseum.org/art/collection/search/436151,2019-05-23T10:39:17.207Z,"Metropolitan Museum of Art, New York, NY",Girls,https://images.metmuseum.org/CRDImages/ep/web-large/DP289328.jpg
57.171,FALSE,TRUE,436152,European Paintings,Painting,Portrait of a Woman in Gray,,,,,,Artist,,Edgar Degas,"French, Paris 1834–1917 Paris",,"Degas, Edgar",French,1834,1917,ca. 1865,1860,1870,Oil on canvas,36 x 28 1/2 in. (91.4 x 72.4 cm),"Gift of Mr. and Mrs. Edwin C. Vogel, 1957",,,,,,,,,,,,Paintings,,http://www.metmuseum.org/art/collection/search/436152,2019-06-04T15:29:22.52Z,"Metropolitan Museum of Art, New York, NY",Portraits|Women,https://images.metmuseum.org/CRDImages/ep/web-large/DT1912.jpg
29.100.183,FALSE,TRUE,436153,European Paintings,Painting,Portrait of a Young Woman,,,,,,Artist,,Edgar Degas,"French, Paris 1834–1917 Paris",,"Degas, Edgar",French,1834,1917,ca. 1885,1880,1890,Oil on canvas,10 3/4 x 8 3/4 in. (27.3 x 22.2 cm),"H. O. Havemeyer Collection, Bequest of Mrs. H. O. Havemeyer, 1929",,,,,,,,,,,,Paintings,,http://www.metmuseum.org/art/collection/search/436153,2019-05-23T10:39:17.207Z,"Metropolitan Museum of Art, New York, NY",Portraits|Women,https://images.metmuseum.org/CRDImages/ep/web-large/DT297552.jpg
1991.277.1,FALSE,TRUE,436154,European Paintings,Drawing,Portraits at the Stock Exchange,,,,,,Artist,,Edgar Degas,"French, Paris 1834–1917 Paris",,"Degas, Edgar",French,1834,1917,ca. 1878–79,1878,1879,"Pastel on paper, pieced, and laid down on canvas",28 3/8 x 22 7/8 in. (72.1 x 58.1 cm),"Gift of Janice H. Levin, 1991",,,,,,,,,,,,Drawings,,http://www.metmuseum.org/art/collection/search/436154,2019-05-23T10:39:17.207Z,"Metropolitan Museum of Art, New York, NY",Men,https://images.metmuseum.org/CRDImages/ep/web-large/DT1044.jpg
29.160.26,FALSE,TRUE,436155,European Paintings,Drawing,The Rehearsal of the Ballet Onstage,,,,,,Artist,,Edgar Degas,"French, Paris 1834–1917 Paris",,"Degas, Edgar",French,1834,1917,ca. 1874,1871,1877,"Oil colors freely mixed with turpentine, with traces of watercolor and pastel over pen-and-ink drawing on cream-colored wove paper, laid down on bristol board and mounted on canvas",21 3/8 x 28 3/4 in. (54.3 x 73 cm),"H. O. Havemeyer Collection, Gift of Horace Havemeyer, 1929",,,,,,,,,,,,Drawings,,http://www.metmuseum.org/art/collection/search/436155,2019-05-31T04:43:18.41Z,"Metropolitan Museum of Art, New York, NY",Men|Women|Dancing|Dancers,https://images.metmuseum.org/CRDImages/ep/web-large/DT1565.jpg
29.100.39,FALSE,TRUE,436156,European Paintings,Drawing,The Rehearsal Onstage,,,,,,Artist,,Edgar Degas,"French, Paris 1834–1917 Paris",,"Degas, Edgar",French,1834,1917,ca. 1874,1871,1877,"Pastel over brush-and-ink drawing on thin cream-colored wove paper, laid down on bristol board and mounted on canvas",21 x 28 1/2 in. (53.3 x 72.4 cm),"H. O. Havemeyer Collection, Bequest of Mrs. H. O. Havemeyer, 1929",,,,,,,,,,,,Drawings,,http://www.metmuseum.org/art/collection/search/436156,2019-05-31T04:43:18.41Z,"Metropolitan Museum of Art, New York, NY",Men|Women|Dancing,https://images.metmuseum.org/CRDImages/ep/web-large/DT1006.jpg
29.100.556,FALSE,TRUE,436157,European Paintings,Drawing,Russian Dancer,,,,,,Artist,,Edgar Degas,"French, Paris 1834–1917 Paris",,"Degas, Edgar",French,1834,1917,1899,1899,1899,Pastel over charcoal on tracing paper,24 3/8 x 18 in. (61.9 x 45.7 cm),"H. O. Havemeyer Collection, Bequest of Mrs. H. O. Havemeyer, 1929",,,,,,,,,,,,Drawings,,http://www.metmuseum.org/art/collection/search/436157,2019-05-24T04:46:04.46Z,"Metropolitan Museum of Art, New York, NY",Girls|Dancers,https://images.metmuseum.org/CRDImages/ep/web-large/77I_052R2M.jpg
61.101.6,FALSE,TRUE,436158,European Paintings,Drawing,Self-Portrait,,,,,,Artist,,Edgar Degas,"French, Paris 1834–1917 Paris",,"Degas, Edgar",French,1834,1917,ca. 1855–56,1855,1856,"Oil on paper, laid down on canvas",16 x 13 1/2 in. (40.6 x 34.3 cm),"Bequest of Stephen C. Clark, 1960",,,,,,,,,,,,Drawings,,http://www.metmuseum.org/art/collection/search/436158,2019-06-04T15:29:22.52Z,"Metropolitan Museum of Art, New York, NY",Men|Self-portraits,https://images.metmuseum.org/CRDImages/ep/web-large/DT1922.jpg
61.101.7,FALSE,TRUE,436159,European Paintings,Drawing,The Singer in Green,,,,,,Artist,,Edgar Degas,"French, Paris 1834–1917 Paris",,"Degas, Edgar",French,1834,1917,ca. 1884,1879,1889,Pastel on light blue laid paper,23 3/4 x 18 1/4 in. (60.3 x 46.4 cm),"Bequest of Stephen C. Clark, 1960",,,,,,,,,,,,Drawings,,http://www.metmuseum.org/art/collection/search/436159,2019-05-23T10:39:17.207Z,"Metropolitan Museum of Art, New York, NY",Women|Singers,https://images.metmuseum.org/CRDImages/ep/web-large/DT1045.jpg
29.100.43,FALSE,TRUE,436162,European Paintings,Painting,Sulking,,,,,,Artist,,Edgar Degas,"French, Paris 1834–1917 Paris",,"Degas, Edgar",French,1834,1917,ca. 1870,1870,1870,Oil on canvas,12 3/4 x 18 1/4 in. (32.4 x 46.4 cm),"H. O. Havemeyer Collection, Bequest of Mrs. H. O. Havemeyer, 1929",,,,,,,,,,,,Paintings,,http://www.metmuseum.org/art/collection/search/436162,2019-06-04T15:29:22.52Z,"Metropolitan Museum of Art, New York, NY",Men|Women|Reading,https://images.metmuseum.org/CRDImages/ep/web-large/DT1918.jpg
29.100.558,FALSE,TRUE,436163,European Paintings,Drawing,Three Dancers Preparing for Class,,,,,,Artist,,Edgar Degas,"French, Paris 1834–1917 Paris",,"Degas, Edgar",French,1834,1917,after 1878,1878,1885,Pastel on buff-colored wove paper,21 1/2 x 20 1/2 in. (54.6 x 52.1 cm),"H. O. Havemeyer Collection, Bequest of Mrs. H. O. Havemeyer, 1929",,,,,,,,,,,,Drawings,,http://www.metmuseum.org/art/collection/search/436163,2019-05-23T10:39:17.207Z,"Metropolitan Museum of Art, New York, NY",Girls|Dancers,https://images.metmuseum.org/CRDImages/ep/web-large/DT245118.jpg
29.100.187,FALSE,TRUE,436165,European Paintings,Drawing,Two Dancers,,,,,,Artist,,Edgar Degas,"French, Paris 1834–1917 Paris",,"Degas, Edgar",French,1834,1917,1873,1873,1873,"Dark brown wash and white gouache on bright pink commercially coated wove paper, now faded to pale pink",24 1/8 x 15 1/2 in. (61.3 x 39.4 cm),"H. O. Havemeyer Collection, Bequest of Mrs. H. O. Havemeyer, 1929",,,,,,,,,,,,Drawings,,http://www.metmuseum.org/art/collection/search/436165,2019-07-11T04:57:01.927Z,"Metropolitan Museum of Art, New York, NY",Women|Dancers,https://images.metmuseum.org/CRDImages/ep/web-large/DT250756.jpg
29.100.189,FALSE,TRUE,436166,European Paintings,Drawing,Two Dancers,,,,,,Artist,,Edgar Degas,"French, Paris 1834–1917 Paris",,"Degas, Edgar",French,1834,1917,ca. 1879,1874,1879,Charcoal and white chalk on green commercially coated wove paper,25 1/8 x 19 1/4 in. (63.8 x 48.9 cm),"H. O. Havemeyer Collection, Bequest of Mrs. H. O. Havemeyer, 1929",,,,,,,,,,,,Drawings,,http://www.metmuseum.org/art/collection/search/436166,2019-05-23T10:39:17.207Z,"Metropolitan Museum of Art, New York, NY",Girls|Dancers,https://images.metmuseum.org/CRDImages/ep/web-large/DT253888.jpg
1974.356.31,FALSE,TRUE,436167,European Paintings,Drawing,"Two Dancers, Half-length",,,,,,Artist,,Edgar Degas,"French, Paris 1834–1917 Paris",,"Degas, Edgar",French,1834,1917,,1854,1917,Pastel on paper,18 3/8 x 21 5/8 in. (46.7 x 54.9 cm),"The Lesley and Emma Sheafer Collection, Bequest of Emma A. Sheafer, 1973",,,,,,,,,,,,Drawings,,http://www.metmuseum.org/art/collection/search/436167,2019-10-30T04:41:13.813Z,"Metropolitan Museum of Art, New York, NY",Women|Dancers,https://images.metmuseum.org/CRDImages/ep/web-large/DP232029.jpg
1992.38,FALSE,TRUE,436168,European Paintings,Painting,Two Men,,,,,,Artist,,Edgar Degas,"French, Paris 1834–1917 Paris",,"Degas, Edgar",French,1834,1917,ca. 1865–69,1865,1869,Oil on wood,10 5/8 x 8 1/8 in. (27 x 20.6 cm),"Gift of Yvonne Lamon, 1992",,,,,,,,,,,,Paintings,,http://www.metmuseum.org/art/collection/search/436168,2019-10-17T04:46:24.823Z,"Metropolitan Museum of Art, New York, NY",Men,https://images.metmuseum.org/CRDImages/ep/web-large/DT6944.jpg
56.231,FALSE,TRUE,436170,European Paintings,Drawing,Woman Combing Her Hair,,,,,,Artist,,Edgar Degas,"French, Paris 1834–1917 Paris",,"Degas, Edgar",French,1834,1917,ca. 1888–90,1888,1890,"Pastel on light green wove paper, now discolored to warm gray, affixed to original pulpboard mount",24 1/8 x 18 1/8 in. (61.3 x 46 cm),"Gift of Mr. and Mrs. Nate B. Spingold, 1956",,,,,,,,,,,,Drawings,,http://www.metmuseum.org/art/collection/search/436170,2019-10-30T04:41:13.813Z,"Metropolitan Museum of Art, New York, NY",Hair|Female Nudes,https://images.metmuseum.org/CRDImages/ep/web-large/DT1917.jpg
29.100.553,FALSE,TRUE,436171,European Paintings,Drawing,Woman Drying Her Arm,,,,,,Artist,,Edgar Degas,"French, Paris 1834–1917 Paris",,"Degas, Edgar",French,1834,1917,late 1880s–early 1890s,1885,1895,"Pastel and charcoal on light pink wove paper, discolored at the edges","12 x 17 1/2in. (30.5 x 44.5cm)
Frame: 17 1/8 x 22 7/8 x 1 7/8 in. (43.5 x 58.1 x 4.8 cm)","H. O. Havemeyer Collection, Bequest of Mrs. H. O. Havemeyer, 1929",,,,,,,,,,,,Drawings,,http://www.metmuseum.org/art/collection/search/436171,2019-05-23T10:39:17.207Z,"Metropolitan Museum of Art, New York, NY",Female Nudes,https://images.metmuseum.org/CRDImages/ep/web-large/DP253485.jpg
29.100.36,FALSE,TRUE,436172,European Paintings,Drawing,Woman Drying Her Foot,,,,,,Artist,,Edgar Degas,"French, Paris 1834–1917 Paris",,"Degas, Edgar",French,1834,1917,1885–86,1885,1886,"Pastel on buff wove paper, affixed to original pulpboard mount",19 3/4 x 21 1/4 in. (50.2 x 54 cm),"H. O. Havemeyer Collection, Bequest of Mrs. H. O. Havemeyer, 1929",,,,,,,,,,,,Drawings,,http://www.metmuseum.org/art/collection/search/436172,2019-05-23T10:39:17.207Z,"Metropolitan Museum of Art, New York, NY",Feet|Female Nudes,https://images.metmuseum.org/CRDImages/ep/web-large/DP253481.jpg
29.100.35,TRUE,TRUE,436173,European Paintings,Drawing,Woman Having Her Hair Combed,,,,,,Artist,,Edgar Degas,"French, Paris 1834–1917 Paris",,"Degas, Edgar",French,1834,1917,ca. 1886–88,1886,1888,"Pastel on light green wove paper, now discolored to warm gray, affixed to original pulpboard mount",29 1/8 x 23 7/8 in. (74 x 60.6 cm),"H. O. Havemeyer Collection, Bequest of Mrs. H. O. Havemeyer, 1929",,,,,,,,,,,,Drawings,,http://www.metmuseum.org/art/collection/search/436173,2019-05-24T04:46:04.46Z,"Metropolitan Museum of Art, New York, NY",Women|Female Nudes,https://images.metmuseum.org/CRDImages/ep/web-large/DP253480.jpg
29.100.46,FALSE,TRUE,436174,European Paintings,Painting,A Woman Ironing,,,,,,Artist,,Edgar Degas,"French, Paris 1834–1917 Paris",,"Degas, Edgar",French,1834,1917,1873,1873,1873,Oil on canvas,21 3/8 x 15 1/2 in. (54.3 x 39.4 cm),"H. O. Havemeyer Collection, Bequest of Mrs. H. O. Havemeyer, 1929",,,,,,,,,,,,Paintings,,http://www.metmuseum.org/art/collection/search/436174,2019-05-23T10:39:17.207Z,"Metropolitan Museum of Art, New York, NY",Women|Working,https://images.metmuseum.org/CRDImages/ep/web-large/DT1910.jpg
1997.391.1,FALSE,TRUE,437993,European Paintings,"Painting, drawing",At the Milliner's,,,,,,Artist,,Edgar Degas,"French, Paris 1834–1917 Paris",,"Degas, Edgar",French,1834,1917,1881,1881,1881,"Pastel on five pieces of wove paper, backed with paper, and laid down on canvas",27 1/4 x 27 1/4 in. (69.2 x 69.2 cm),"The Walter H. and Leonore Annenberg Collection, Gift of Walter H. and Leonore Annenberg, 1997, Bequest of Walter H. Annenberg, 2002",,,,,,,,,,,,Pastels & Oil Sketches on Paper,,http://www.metmuseum.org/art/collection/search/437993,2019-07-03T04:43:52.37Z,"Metropolitan Museum of Art, New York, NY",Women,https://images.metmuseum.org/CRDImages/ep/web-large/DT1915.jpg
1999.288.3,FALSE,TRUE,437994,European Paintings,Drawing,Race Horses,,,,,,Artist,,Edgar Degas,"French, Paris 1834–1917 Paris",,"Degas, Edgar",French,1834,1917,ca. 1885–88,1885,1888,Pastel on wood,11 7/8 x 16 in. (30.2 x 40.6 cm),"The Walter H. and Leonore Annenberg Collection, Gift of Walter H. and Leonore Annenberg, 1999, Bequest of Walter H. Annenberg, 2002",,,,,,,,,,,,Drawings,,http://www.metmuseum.org/art/collection/search/437994,2019-07-03T04:43:52.37Z,"Metropolitan Museum of Art, New York, NY",Men|Horse Riding|Jockeys,https://images.metmuseum.org/CRDImages/ep/web-large/DP131000.jpg
2008.277,FALSE,TRUE,438156,European Paintings,Painting,Young Woman with Ibis,,,,,,Artist,,Edgar Degas,"French, Paris 1834–1917 Paris",,"Degas, Edgar",French,1834,1917,1860–62,1860,1862,Oil on canvas,39 3/8 x 29 1/2 in. (100 x 74.9 cm),"Gift of Stephen Mazoh and Purchase, Bequest of Gioconda King, by exchange, 2008",,,,,,,,,,,,Paintings,,http://www.metmuseum.org/art/collection/search/438156,2019-02-01T10:50:49.477Z,"Metropolitan Museum of Art, New York, NY",Birds|Profiles|Women,https://images.metmuseum.org/CRDImages/ep/web-large/DP212152.jpg
2007.332.1,FALSE,TRUE,438518,European Paintings,Drawing,Dancer,,,,,,Artist,,Edgar Degas,"French, Paris 1834–1917 Paris",,"Degas, Edgar",French,1834,1917,1880–85,1880,1885,"Pastel on paper, laid down on board",19 1/4 x 12 3/4 in. (48.9 x 32.4 cm),"Gift of The Philip and Janice Levin Foundation, 2007",,,,,,,,,,,,Drawings,,http://www.metmuseum.org/art/collection/search/438518,2019-04-04T04:52:49.54Z,"Metropolitan Museum of Art, New York, NY",Women|Dancers,https://images.metmuseum.org/CRDImages/ep/web-large/DT2652.jpg
1987.47.1,TRUE,TRUE,438817,European Paintings,Painting,The Dance Class,,,,,,Artist,,Edgar Degas,"French, Paris 1834–1917 Paris",,"Degas, Edgar",French,1834,1917,1874,1874,1874,Oil on canvas,32 7/8 x 30 3/8 in. (83.5 x 77.2 cm),"Bequest of Mrs. Harry Payne Bingham, 1986",,,,,,,,,,,,Paintings,,http://www.metmuseum.org/art/collection/search/438817,2019-06-04T15:29:22.52Z,"Metropolitan Museum of Art, New York, NY",Girls|Men|Women|Students|Dancers,https://images.metmuseum.org/CRDImages/ep/web-large/DT46.jpg
2007.529,FALSE,TRUE,438857,European Paintings,Painting,Male Nude,,,,,,Artist,,Edgar Degas,"French, Paris 1834–1917 Paris",,"Degas, Edgar",French,1834,1917,1856,1856,1856,Oil on canvas,"13 3/4 x 24 1/4 in. (34.9 x 61.6 cm)
","Gift of Philip and Catherine Korsant, 2007",,,,,,,,,,,,Paintings,,http://www.metmuseum.org/art/collection/search/438857,2019-10-28T04:40:45.873Z,"Metropolitan Museum of Art, New York, NY",Male Nudes,https://images.metmuseum.org/CRDImages/ep/web-large/DP158871.jpg
1975.1.166,FALSE,TRUE,459097,Robert Lehman Collection,Drawing,Russian Dancers,,,,,,Artist,,Edgar Degas,"French, Paris 1834–1917 Paris",,"Degas, Edgar",French,1834,1917,1899,1899,1899,"Charcoal and pastel, on tracing paper, mounted on cardboard",24 3/4 x 25 1/2 in. (62.9 x 64.8 cm),"Robert Lehman Collection, 1975",,,,,,,,,,,,Drawings,,http://www.metmuseum.org/art/collection/search/459097,2019-10-25T03:29:15.963Z,"Metropolitan Museum of Art, New York, NY",Women|Dancing|Dancers,https://images.metmuseum.org/CRDImages/rl/web-large/DT3112.jpg
1975.1.167,FALSE,TRUE,459098,Robert Lehman Collection,Painting,View of Saint-Valéry-sur-Somme,,,,,,Artist,,Edgar Degas,"French, Paris 1834–1917 Paris",,"Degas, Edgar",French,1834,1917,1896–98,1896,1898,Oil on canvas,20 x 24 in. (50.8 x 61 cm),"Robert Lehman Collection, 1975",,,,,,,,,,,,Paintings,,http://www.metmuseum.org/art/collection/search/459098,2019-10-05T04:44:22.323Z,"Metropolitan Museum of Art, New York, NY",Towns|Landscapes,https://images.metmuseum.org/CRDImages/rl/web-large/DT3113.jpg
1975.1.609,FALSE,TRUE,460060,Robert Lehman Collection,Drawing,Youth with Arms Upraised,,,,,,Artist,,Edgar Degas,"French, Paris 1834–1917 Paris",,"Degas, Edgar",French,1834,1917,1859–60 or 1861–62,1859,1862,Black chalk over pencil on fine beige paper,12 1/2 x 7 5/8 in.  (31.7 x 19.4 cm),"Robert Lehman Collection, 1975",,,,,,,,,,,,Drawings,,http://www.metmuseum.org/art/collection/search/460060,2019-08-22T03:00:43.77Z,"Metropolitan Museum of Art, New York, NY",Male Nudes,https://images.metmuseum.org/CRDImages/rl/web-large/DP-13665-058.jpg
1975.1.610,FALSE,TRUE,460061,Robert Lehman Collection,Drawing,Youth in an Attitude of Defense,,,,,,Artist,,Edgar Degas,"French, Paris 1834–1917 Paris",,"Degas, Edgar",French,1834,1917,1859–60,1859,1860,Pencil on buff laid paper,12 15/16 x 8 1/4 in.  (32.8 x 21 cm),"Robert Lehman Collection, 1975",,,,,,,,,,,,Drawings,,http://www.metmuseum.org/art/collection/search/460061,2019-08-22T03:00:43.77Z,"Metropolitan Museum of Art, New York, NY",Male Nudes,https://images.metmuseum.org/CRDImages/rl/web-large/DP-13665-060.jpg
1975.1.611,FALSE,TRUE,460062,Robert Lehman Collection,Drawing,Study of a Ballet Dancer (recto); Two Studies of Dancers (verso),,,,,,Artist,,Edgar Degas,"French, Paris 1834–1917 Paris",,"Degas, Edgar",French,1834,1917,ca. 1873,1873,1873,Oil with opaque watercolor on prepared pink paper (recto); oil on prepared pink paper (verso),17 1/2 x 12 3/8 in.  (44.5 x 31.4 cm),"Robert Lehman Collection, 1975",,,,,,,,,,,,Drawings,,http://www.metmuseum.org/art/collection/search/460062,2019-09-13T04:59:28.75Z,"Metropolitan Museum of Art, New York, NY",Women|Dancers,https://images.metmuseum.org/CRDImages/rl/web-large/DP359012.jpg
1975.1.608,FALSE,TRUE,460063,Robert Lehman Collection,Drawing,Study of a Ballet Dancer seen from the Back,,,,,,Artist,,Edgar Degas,"French, Paris 1834–1917 Paris",,"Degas, Edgar",French,1834,1917,1875 (?),1875,1875,Black chalk on faded pink wove paper,12 1/8 x 8 9/16 in.  (30.8 x 21.8 cm),"Robert Lehman Collection, 1975",,,,,,,,,,,,Drawings,,http://www.metmuseum.org/art/collection/search/460063,2019-08-22T03:00:43.77Z,"Metropolitan Museum of Art, New York, NY",Women|Dancers,https://images.metmuseum.org/CRDImages/rl/web-large/sf-rlc-1975-1-608.JPG
1999.363.17,FALSE,TRUE,489973,Modern and Contemporary Art,Sculpture,Woman Putting on a Stocking,,,,,,Artist,,Edgar Degas,"French, Paris 1834–1917 Paris",,"Degas, Edgar",French,1834,1917,1895–1910,1895,1910,Bronze,16 3/4 x 11 1/4 x 5 3/4 in. (42.5 x 28.6 x 14.6 cm),"Jacques and Natasha Gelman Collection, 1998
",,,,,,,,,,,,Sculpture,,http://www.metmuseum.org/art/collection/search/489973,2019-02-16T04:45:18.513Z,"Metropolitan Museum of Art, New York, NY",Women,https://images.metmuseum.org/CRDImages/ma/web-large/1999.363.17.jpg
2018.289.2,FALSE,TRUE,782304,European Paintings,Painting,Young Woman with Her Hand over Her Mouth,,,,,,Artist,,Edgar Degas,"French, Paris 1834–1917 Paris",,"Degas, Edgar",,1834,1917,ca. 1875,1870,1880,Oil colors freely mixed with turpentine on canvas,16 1/4 × 13 1/8 in. (41.3 × 33.4 cm),"Gift of the Eugene V. and Clare E. Thaw Charitable Trust, 2018",,,,,,,,,,,,Paintings,,http://www.metmuseum.org/art/collection/search/782304,2019-09-26T04:49:17.82Z,"Metropolitan Museum of Art, New York, NY",Portraits|Women,https://images.metmuseum.org/CRDImages/ep/web-large/DP-17996-001.jpg