Object Number,Is Highlight,Is Public Domain,Object ID,Department,Object Name,Title,Culture,Period,Dynasty,Reign,Portfolio,Artist Role,Artist Prefix,Artist Display Name,Artist Display Bio,Artist Suffix,Artist Alpha Sort,Artist Nationality,Artist Begin Date,Artist End Date,Object Date,Object Begin Date,Object End Date,Medium,Dimensions,Credit Line,Geography Type,City,State,County,Country,Region,Subregion,Locale,Locus,Excavation,River,Classification,Rights and Reproduction,Link Resource,Metadata Date,Repository,Tags,Image URL
1996.148,False,True,334959,Drawings and Prints,Drawing,Joseph and Potiphar's Wife,,,,,,Artist,,Georg Pencz,"German, Wroclaw ca. 1500–1550 Leipzig",,"Pencz, Georg",German,1500,1550,1510–50,1510,1550,"Pen and grey ink, brush and grey wash.",Diameter 7 3/8 in (18.6 cm),"Purchase, The Elisha Whittelsey Collection, The Elisha Whittelsey Fund, 1996",,,,,,,,,,,,Drawings,,http://www.metmuseum.org/art/collection/search/334959,2019-02-01T10:50:49.477Z,"Metropolitan Museum of Art, New York, NY",Interiors|Men|Women,https://images.metmuseum.org/CRDImages/dp/web-large/DP803049.jpg
17.74.2,False,True,336290,Drawings and Prints,Print,The Triumph of Bacchus,,,,,,Artist,,Georg Pencz,"German, Wroclaw ca. 1500–1550 Leipzig",,"Pencz, Georg",German,1500,1550,,1534,1544,Engraving,Sheet: 1 15/16 × 11 1/4 in. (5 × 28.5 cm),"Rogers Fund, 1917",,,,,,,,,,,,Prints,,http://www.metmuseum.org/art/collection/search/336290,2019-02-01T10:50:49.477Z,"Metropolitan Museum of Art, New York, NY",Musical Instruments|Centaurs|Bacchus|Satyrs|Chariots,https://images.metmuseum.org/CRDImages/dp/web-large/DP867560.jpg
66.529.82,False,True,336291,Drawings and Prints,Print,David and Bathsheba,,,,,Scenes from the Old Testament,Artist,,Georg Pencz,"German, Wroclaw ca. 1500–1550 Leipzig",,"Pencz, Georg",German,1500,1550,,1526,1536,Engraving; first state of two (Landau),Sheet: 1 7/8 × 3 1/16 in. (4.7 × 7.7 cm),"The Elisha Whittelsey Collection, The Elisha Whittelsey Fund, 1966",,,,,,,,,,,,Prints,,http://www.metmuseum.org/art/collection/search/336291,2019-10-10T14:15:21.89Z,"Metropolitan Museum of Art, New York, NY",Female Nudes|Women|Bathsheba|David,https://images.metmuseum.org/CRDImages/dp/web-large/DP855457.jpg
66.529.81,False,True,336292,Drawings and Prints,Print,Lot and His Daughters,,,,,Scenes from the Old Testament,Artist,,Georg Pencz,"German, Wroclaw ca. 1500–1550 Leipzig",,"Pencz, Georg",German,1500,1550,,1526,1536,Engraving,Sheet: 1 7/8 × 3 in. (4.8 × 7.6 cm),"The Elisha Whittelsey Collection, The Elisha Whittelsey Fund, 1966",,,,,,,,,,,,Prints,,http://www.metmuseum.org/art/collection/search/336292,2019-10-10T14:15:21.89Z,"Metropolitan Museum of Art, New York, NY",Men|Women,https://images.metmuseum.org/CRDImages/dp/web-large/DP855458.jpg
62.635.497a,False,True,341210,Drawings and Prints,Print,"The Triumph of Love, from The Triumph of Petrarch",,,,,The Triumphs of Petrarch,Artist,,Georg Pencz,"German, Wroclaw ca. 1500–1550 Leipzig",,"Pencz, Georg",German,1500,1550,,1529,1549,Engraving,Sheet: 6 × 8 5/16 in. (15.3 × 21.1 cm),"Gift of Harry G. Friedman, 1962",,,,,,,,,,,,Prints,,http://www.metmuseum.org/art/collection/search/341210,2019-02-01T10:50:49.477Z,"Metropolitan Museum of Art, New York, NY",Men|Women|Cupid|Horses,https://images.metmuseum.org/CRDImages/dp/web-large/DP867548.jpg
62.635.498a,False,True,341212,Drawings and Prints,Print,"The Triumph of Chastity on Love, from the Triumphs of Petrarch",,,,,The Triumphs of Petrarch,Artist,,Georg Pencz,"German, Wroclaw ca. 1500–1550 Leipzig",,"Pencz, Georg",German,1500,1550,,1534,1544,Engraving,Sheet: 5 9/16 × 8 3/16 in. (14.2 × 20.8 cm),"Gift of Harry G. Friedman, 1962",,,,,,,,,,,,Prints,,http://www.metmuseum.org/art/collection/search/341212,2019-02-01T10:50:49.477Z,"Metropolitan Museum of Art, New York, NY",Arrows|Men|Unicorns|Flags,https://images.metmuseum.org/CRDImages/dp/web-large/DP867547.jpg
62.635.499a,False,True,341214,Drawings and Prints,Print,"The Triumph of Fame on Chastity, from The Triumphs of Petrarch",,,,,The Triumph of Petrarch,Artist,,Georg Pencz,"German, Wroclaw ca. 1500–1550 Leipzig",,"Pencz, Georg",German,1500,1550,,1534,1544,Engraving; third state of four (Landau),Sheet: 5 7/16 × 8 1/8 in. (13.8 × 20.7 cm),"Gift of Harry G. Friedman, 1962",,,,,,,,,,,,Prints,,http://www.metmuseum.org/art/collection/search/341214,2019-02-01T10:50:49.477Z,"Metropolitan Museum of Art, New York, NY",Soldiers|Men|Elephants,https://images.metmuseum.org/CRDImages/dp/web-large/DP867546.jpg
62.635.500a,False,True,341218,Drawings and Prints,Print,"The Triumph of Time on Fame, from The Triumphs of Petrarch",,,,,The Triumphs of Petrarch,Artist,,Georg Pencz,"German, Wroclaw ca. 1500–1550 Leipzig",,"Pencz, Georg",German,1500,1550,,1534,1544,Engraving,"Sheet: 6 15/16 × 9 11/16 in. (17.6 × 24.6 cm)
Plate: 5 15/16 × 8 1/4 in. (15.1 × 20.9 cm)","Gift of Harry G. Friedman, 1962",,,,,,,,,,,,Prints,,http://www.metmuseum.org/art/collection/search/341218,2019-02-01T10:50:49.477Z,"Metropolitan Museum of Art, New York, NY",Buildings|Men|Deer,https://images.metmuseum.org/CRDImages/dp/web-large/DP867549.jpg
62.635.501a,False,True,341234,Drawings and Prints,Print,"The Triumph of Death on Time, from The Triumph of Petrarch",,,,,The Triumph of Petrarch,Artist,,Georg Pencz,"German, Wroclaw ca. 1500–1550 Leipzig",,"Pencz, Georg",German,1500,1550,,1534,1544,Engraving,Sheet: 5 7/8 × 8 1/4 in. (14.9 × 21 cm),"Gift of Harry G. Friedman, 1962",,,,,,,,,,,,Prints,,http://www.metmuseum.org/art/collection/search/341234,2019-02-01T10:50:49.477Z,"Metropolitan Museum of Art, New York, NY",Skeletons|Men|Bulls|Death|Chariots,https://images.metmuseum.org/CRDImages/dp/web-large/DP867550.jpg
62.635.502a,False,True,341256,Drawings and Prints,Print,"The Triumph of Eternity on Death, from The Triumph of Petrarch",,,,,The Triumphs of Petrarch,Artist,,Georg Pencz,"German, Wroclaw ca. 1500–1550 Leipzig",,"Pencz, Georg",German,1500,1550,,1534,1544,Engraving; first state of two (Landau),"Sheet: 6 3/4 × 9 13/16 in. (17.1 × 24.9 cm)
Plate: 6 × 8 5/16 in. (15.3 × 21.1 cm)","Gift of Harry G. Friedman, 1962",,,,,,,,,,,,Prints,,http://www.metmuseum.org/art/collection/search/341256,2019-02-01T10:50:49.477Z,"Metropolitan Museum of Art, New York, NY",Musical Instruments|Animals|Men|Clouds,https://images.metmuseum.org/CRDImages/dp/web-large/DP867551.jpg
62.635.608,False,True,341268,Drawings and Prints,Print,"Tobias and the Archangel Raphael, from The Story of Tobias",,,,,The Story of Tobias,Artist,,Georg Pencz,"German, Wroclaw ca. 1500–1550 Leipzig",,"Pencz, Georg",German,1500,1550,1543,1543,1543,Engraving; first state of three (Landau),Sheet (trimmed): 2 5/8 × 4 3/16 in. (6.7 × 10.6 cm),"Gift of Harry G. Friedman, 1962",,,,,,,,,,,,Prints,,http://www.metmuseum.org/art/collection/search/341268,2019-10-10T14:54:23.72Z,"Metropolitan Museum of Art, New York, NY",Men|Angels,https://images.metmuseum.org/CRDImages/dp/web-large/DP855472.jpg
62.635.609,False,True,341276,Drawings and Prints,Print,David and Bathsheba,,,,,Scenes from the Old Testament,Artist,,Georg Pencz,"German, Wroclaw ca. 1500–1550 Leipzig",,"Pencz, Georg",German,1500,1550,,1526,1536,Engraving; second state of two (Landau),Sheet: 1 7/8 × 3 1/16 in. (4.8 × 7.7 cm),"Gift of Harry G. Friedman, 1962",,,,,,,,,,,,Prints,,http://www.metmuseum.org/art/collection/search/341276,2019-02-01T10:50:49.477Z,"Metropolitan Museum of Art, New York, NY",Men|Bathsheba|David,https://images.metmuseum.org/CRDImages/dp/web-large/DP855454.jpg
62.635.611,False,True,341282,Drawings and Prints,Print,"The Three Angels Visiting Abraham, from The Story of Abraham",,,,,The Story of Abraham,Artist,,Georg Pencz,"German, Wroclaw ca. 1500–1550 Leipzig",,"Pencz, Georg",German,1500,1550,,1500,1550,Engraving,Sheet: 2 1/8 × 3 3/8 in. (5.4 × 8.6 cm),"Gift of Harry G. Friedman, 1962",,,,,,,,,,,,Prints,,http://www.metmuseum.org/art/collection/search/341282,2019-10-10T14:54:23.72Z,"Metropolitan Museum of Art, New York, NY",Women|Abraham|Tables|Angels,https://images.metmuseum.org/CRDImages/dp/web-large/DP855467.jpg
2005.137,False,False,367826,Drawings and Prints,Plate,Virginia Killed by Her Father,,,,,,Engraver,,Georg Pencz,"German, Wroclaw ca. 1500–1550 Leipzig",,"Pencz, Georg",German,1500,1550,1520–50,1520,1550,Engraved copper plate,plate: 4 9/16 x 2 15/16 in. (11.6 x 7.5 cm),"Purchase, Martha Feltenstein Gift, 2005",,,,,,,,,,,,Plates,,http://www.metmuseum.org/art/collection/search/367826,,"Metropolitan Museum of Art, New York, NY",,
2005.98,False,False,367827,Drawings and Prints,Plate,The Judgment of Paris,,,,,,Engraver,,Georg Pencz,"German, Wroclaw ca. 1500–1550 Leipzig",,"Pencz, Georg",German,1500,1550,1520–50,1520,1550,Engraved copper plate,plate: 2 7/16 x 3 3/8 x 1/16 in. (6.2 x 8.5 x 0.1 cm),"Gift of Marco Pesarese, 2005",,,,,,,,,,,,Plates,,http://www.metmuseum.org/art/collection/search/367827,,"Metropolitan Museum of Art, New York, NY",,
2005.138,False,False,367829,Drawings and Prints,Plate,Amymone Carried Away by a Sea God,,,,,,Engraver,Engraved by (?),Georg Pencz,"German, Wroclaw ca. 1500–1550 Leipzig",,"Pencz, Georg",German,1500,1550,16th century,1500,1550,Engraved copper plate,plate: 2 15/16 x 4 5/16 x 1/16 in. (7.5 x 11 x 0.1 cm),"Purchase, Martha Feltenstein Gift, 2005",,,,,,,,,,,,Plates,,http://www.metmuseum.org/art/collection/search/367829,,"Metropolitan Museum of Art, New York, NY",,
2006.321,False,True,372971,Drawings and Prints,Print,The Dream of Paris,,,,,,Artist,,Georg Pencz,"German, Wroclaw ca. 1500–1550 Leipzig",,"Pencz, Georg",German,1500,1550,,1535,1547,Engraving,Plate: 2 7/16 x 3 3/8 in. (6.2 x 8.6 cm),"Gift of Marco Pesarese, 2006",,,,,,,,,,,,Prints,,http://www.metmuseum.org/art/collection/search/372971,2019-03-21T03:00:46.84Z,"Metropolitan Museum of Art, New York, NY",Sleeping|Men|Female Nudes|Horses,https://images.metmuseum.org/CRDImages/dp/web-large/DP855493.jpg
2007.49.374,False,True,375844,Drawings and Prints,Print,"Avarice (Avaritia), from The Seven Vices",,,,,The Seven Vices,Artist and engraver,,Georg Pencz,"German, Wroclaw ca. 1500–1550 Leipzig",,"Pencz, Georg",German,1500,1550,,1536,1546,Engraving,Sheet: 3 1/8 x 2 1/16 in. (8 x 5.2 cm),"Bequest of William S. Lieberman, 2005",,,,,,,,,,,,Prints,,http://www.metmuseum.org/art/collection/search/375844,2019-09-30T17:13:32.733Z,"Metropolitan Museum of Art, New York, NY",,https://images.metmuseum.org/CRDImages/dp/web-large/DP867539.jpg
2012.136.762.1,False,True,399029,Drawings and Prints,Print,"Joseph sold to the merchants: a bearded man grasping Joseph with his left hand receives coins in his right hand, from the series 'The Story of Joseph'",,,,,The Story of Joseph,Artist,,Georg Pencz,"German, Wroclaw ca. 1500–1550 Leipzig",,"Pencz, Georg",German,1500,1550,1546,1546,1546,Engraving,sheet: 4 3/4 x 3 1/8 in. (12 x 8 cm),"Bequest of Phyllis Massar, 2011",,,,,,,,,,,,Prints,,http://www.metmuseum.org/art/collection/search/399029,2019-02-01T10:50:49.477Z,"Metropolitan Museum of Art, New York, NY",Men|Camels|Coins,https://images.metmuseum.org/CRDImages/dp/web-large/DP828516.jpg
2012.136.762.2,False,True,399031,Drawings and Prints,Print,"Joseph lowered into a well by his brothers, from the series 'The Story of Joseph'",,,,,The Story of Joseph,Artist,,Georg Pencz,"German, Wroclaw ca. 1500–1550 Leipzig",,"Pencz, Georg",German,1500,1550,1546,1546,1546,Engraving,sheet: 4 5/16 x 2 15/16 in. (11 x 7.5 cm),"Bequest of Phyllis Massar, 2011",,,,,,,,,,,,Prints,,http://www.metmuseum.org/art/collection/search/399031,2019-02-01T10:50:49.477Z,"Metropolitan Museum of Art, New York, NY",Wells|Men,https://images.metmuseum.org/CRDImages/dp/web-large/DP828521.jpg
2012.136.762.3,False,True,399032,Drawings and Prints,Print,"Joseph explains his dream to his brothers and father in an interior setting; the sun, moon, and stars above a landscape in the portal beyond, from the series 'The Story of Joseph'",,,,,The Story of Joseph,Artist,,Georg Pencz,"German, Wroclaw ca. 1500–1550 Leipzig",,"Pencz, Georg",German,1500,1550,1544,1544,1544,Engraving,sheet: 4 3/8 x 2 15/16 in. (11.1 x 7.5 cm),"Bequest of Phyllis Massar, 2011",,,,,,,,,,,,Prints,,http://www.metmuseum.org/art/collection/search/399032,2019-02-01T10:50:49.477Z,"Metropolitan Museum of Art, New York, NY",Men,https://images.metmuseum.org/CRDImages/dp/web-large/DP828520.jpg
2012.136.762.4,False,True,399033,Drawings and Prints,Print,"Joseph strides away from Potiphar's wife, who clutches his cloak with both hands as she straddles the corner of a bed, from the series 'The Story of Joseph'",,,,,The Story of Joseph,Artist,,Georg Pencz,"German, Wroclaw ca. 1500–1550 Leipzig",,"Pencz, Georg",German,1500,1550,1546,1546,1546,Engraving,sheet: 4 1/2 x 3 1/8 in. (11.5 x 7.9 cm),"Bequest of Phyllis Massar, 2011",,,,,,,,,,,,Prints,,http://www.metmuseum.org/art/collection/search/399033,2019-02-01T10:50:49.477Z,"Metropolitan Museum of Art, New York, NY",Men|Female Nudes,https://images.metmuseum.org/CRDImages/dp/web-large/DP828518.jpg
2012.136.763,False,True,399034,Drawings and Prints,Print,"Tomyris, shown nude from behind, placing the head of Cyrus into a sack held by a soldier, the decapitated body of Cyrus on the ground at her feet, from a series of four mythological scenes",,,,,Four mythological scenes,Artist,,Georg Pencz,"German, Wroclaw ca. 1500–1550 Leipzig",,"Pencz, Georg",German,1500,1550,ca. 1539,1539,1539,Engraving,sheet: 4 11/16 x 2 15/16 in. (11.9 x 7.5 cm),"Bequest of Phyllis Massar, 2011",,,,,,,,,,,,Prints,,http://www.metmuseum.org/art/collection/search/399034,2019-09-19T03:00:42.657Z,"Metropolitan Museum of Art, New York, NY",Men|Soldiers|Heads|Female Nudes,https://images.metmuseum.org/CRDImages/dp/web-large/DP828514.jpg
2012.136.764,False,True,399035,Drawings and Prints,Print,"Cephalus and Procris: Procris turns her head over her right shoulder while seated nude in a thicket, Cephalus draws an arrow with a bow beyond, from a series of four mythological scenes",,,,,Four mythological scenes,Artist,,Georg Pencz,"German, Wroclaw ca. 1500–1550 Leipzig",,"Pencz, Georg",German,1500,1550,1539,1539,1539,Engraving,sheet: 4 11/16 x 3 in. (11.9 x 7.6 cm),"Bequest of Phyllis Massar, 2011",,,,,,,,,,,,Prints,,http://www.metmuseum.org/art/collection/search/399035,2019-09-19T03:00:42.657Z,"Metropolitan Museum of Art, New York, NY",Female Nudes|Bow and Arrow,https://images.metmuseum.org/CRDImages/dp/web-large/DP828515.jpg
2012.136.766.2,False,True,399036,Drawings and Prints,Print,"Sarah presenting Hagar to Abraham, who sits at the foot of a bed, from the series 'The Story of Abraham'",,,,,The Story of Abraham,Artist,,Georg Pencz,"German, Wroclaw ca. 1500–1550 Leipzig",,"Pencz, Georg",German,1500,1550,ca. 1543,1543,1543,Engraving,sheet: 1 15/16 x 3 1/4 in. (4.9 x 8.2 cm),"Bequest of Phyllis Massar, 2011",,,,,,,,,,,,Prints,,http://www.metmuseum.org/art/collection/search/399036,2019-02-01T10:50:49.477Z,"Metropolitan Museum of Art, New York, NY",Women|Abraham,https://images.metmuseum.org/CRDImages/dp/web-large/DP828535.jpg
2012.136.766.1,False,True,399037,Drawings and Prints,Print,"Abraham sending away Hagar and Ishmael: Abraham holds forth a vessel as Hagar and Ishmael stride before him, from the series 'The Story of Abraham'",,,,,The Story of Abraham,Artist,,Georg Pencz,"German, Wroclaw ca. 1500–1550 Leipzig",,"Pencz, Georg",German,1500,1550,ca. 1543,1543,1543,Engraving,sheet: 2 1/16 x 3 3/8 in. (5.2 x 8.5 cm),"Bequest of Phyllis Massar, 2011",,,,,,,,,,,,Prints,,http://www.metmuseum.org/art/collection/search/399037,2019-02-01T10:50:49.477Z,"Metropolitan Museum of Art, New York, NY",Bow and Arrow|Infants|Women|Abraham,https://images.metmuseum.org/CRDImages/dp/web-large/DP828532.jpg
2012.136.765,False,True,399038,Drawings and Prints,Print,"Lot and his daughters: a daughter at center rests her right arm on Lot's knee and a vessel on her thigh, at right a daughter holds a goblet in her outstreched right hand, from a series of ten Old Testament scenes",,,,,Ten Old Testament scenes,Artist,,Georg Pencz,"German, Wroclaw ca. 1500–1550 Leipzig",,"Pencz, Georg",German,1500,1550,ca. 1531,1531,1531,Engraving,sheet: 1 7/8 x 3 in. (4.7 x 7.6 cm),"Bequest of Phyllis Massar, 2011",,,,,,,,,,,,Prints,,http://www.metmuseum.org/art/collection/search/399038,2019-09-09T03:00:47.307Z,"Metropolitan Museum of Art, New York, NY",Women|Goblets|Men,https://images.metmuseum.org/CRDImages/dp/web-large/DP828540.jpg
2012.136.722,False,True,399624,Drawings and Prints,Print,"Triumph of Chastity: unicorns draw a carriage bearing a female figure seated next to a sphinx and holding a standard, Vestal virgins walk behind the carriage, round temple of Vesta at right, from the series 'The Triumphs of Petrarch'",,,,,The Triumphs of Petrarch,Artist,,Georg Pencz,"German, Wroclaw ca. 1500–1550 Leipzig",,"Pencz, Georg",German,1500,1550,ca. 1539,1539,1539,Engraving,"sheet: 6 5/8 x 9 11/16 in. (16.9 x 24.6 cm)
image: 5 1/2 x 8 1/8 in. (14 x 20.7 cm)","Bequest of Phyllis Massar, 2011",,,,,,,,,,,,Prints,,http://www.metmuseum.org/art/collection/search/399624,2019-02-01T10:50:49.477Z,"Metropolitan Museum of Art, New York, NY",Temples|Women|Unicorns|Flags|Chariots,https://images.metmuseum.org/CRDImages/dp/web-large/DP828571.jpg
2012.136.723,False,True,399625,Drawings and Prints,Print,"Triumph of Love: four horses draw a carriage with Cupid standing upon a smoking platform, preceded by gods and goddesses on foot, a temple with gabled pediment at crest of hill beyond, from the series 'The Triumphs of Petrarch'",,,,,The Triumphs of Petrarch,Artist,,Georg Pencz,"German, Wroclaw ca. 1500–1550 Leipzig",,"Pencz, Georg",German,1500,1550,ca. 1539,1539,1539,Engraving,sheet: 6 x 8 1/4 in. (15.2 x 20.9 cm),"Bequest of Phyllis Massar, 2011",,,,,,,,,,,,Prints,,http://www.metmuseum.org/art/collection/search/399625,2019-02-01T10:50:49.477Z,"Metropolitan Museum of Art, New York, NY",Temples|Cupid|Gods|Goddess|Carriages,https://images.metmuseum.org/CRDImages/dp/web-large/DP828565.jpg
21.3.5,False,True,404374,Drawings and Prints,Print,Thetis and Chiron,,,,,,Artist,,Georg Pencz,"German, Wroclaw ca. 1500–1550 Leipzig",,"Pencz, Georg",German,1500,1550,1543,1543,1543,Engraving,Sheet: 5 5/16 x 7 1/2 in. (13.5 x 19 cm),"Rogers Fund, 1921",,,,,,,,,,,,Prints,,http://www.metmuseum.org/art/collection/search/404374,2019-02-01T10:50:49.477Z,"Metropolitan Museum of Art, New York, NY",Men|Women,https://images.metmuseum.org/CRDImages/dp/web-large/DP822263.jpg
66.529.84,False,False,405910,Drawings and Prints,Print,Solomon Worshipping Idols,,,,,,Artist,,Georg Pencz,"German, Wroclaw ca. 1500–1550 Leipzig",,"Pencz, Georg",German,1500,1550,,1520,1550,Engraving,Sheet (trimmed): 1 7/8 × 3 1/16 in. (4.8 × 7.7 cm),"The Elisha Whittelsey Collection, The Elisha Whittelsey Fund, 1966",,,,,,,,,,,,Prints,,http://www.metmuseum.org/art/collection/search/405910,,"Metropolitan Museum of Art, New York, NY",,
1986.1180.111,False,True,431810,Drawings and Prints,Print,"Abraham's Sacrifice, from The Story of Abraham",,,,,The Story of Abraham,Artist,,Georg Pencz,"German, Wroclaw ca. 1500–1550 Leipzig",,"Pencz, Georg",German,1500,1550,,1500,1550,Engraving,Sheet: 2 3/16 × 3 9/16 in. (5.6 × 9 cm),"Bequest of Grace M. Pugh, 1985",,,,,,,,,,,,Prints,,http://www.metmuseum.org/art/collection/search/431810,2019-10-10T14:54:23.72Z,"Metropolitan Museum of Art, New York, NY",Animals|Daggers|Abraham|Angels,https://images.metmuseum.org/CRDImages/dp/web-large/DP855468.jpg
49.132.85,False,True,431813,Drawings and Prints,Print,The Persecution of Job,,,,,,Artist,,Georg Pencz,"German, Wroclaw ca. 1500–1550 Leipzig",,"Pencz, Georg",German,1500,1550,,1500,1550,Engraving,Sheet: 2 1/2 × 3 3/8 in. (6.3 × 8.6 cm),"Gift of Edwin De T. Bechtel, 1949",,,,,,,,,,,,Prints,,http://www.metmuseum.org/art/collection/search/431813,2019-10-10T14:54:23.72Z,"Metropolitan Museum of Art, New York, NY",Suffering|Men|Women|Christ,https://images.metmuseum.org/CRDImages/dp/web-large/DP855465.jpg
1986.1180.112,False,True,431816,Drawings and Prints,Print,"Joseph Describing His Dream, from The Story of Joseph",,,,,The Story of Joseph,Artist,,Georg Pencz,"German, Wroclaw ca. 1500–1550 Leipzig",,"Pencz, Georg",German,1500,1550,1544,1544,1544,Engraving,Sheet: 4 1/2 × 2 15/16 in. (11.4 × 7.5 cm),"Bequest of Grace M. Pugh, 1985",,,,,,,,,,,,Prints,,http://www.metmuseum.org/art/collection/search/431816,2019-02-01T10:50:49.477Z,"Metropolitan Museum of Art, New York, NY",Men,https://images.metmuseum.org/CRDImages/dp/web-large/DP855480.jpg
65.635.2,False,True,431818,Drawings and Prints,Print,"Joseph Sold to the Merchants, from The Story of Joseph",,,,,The Story of Joseph,Artist,,Georg Pencz,"German, Wroclaw ca. 1500–1550 Leipzig",,"Pencz, Georg",German,1500,1550,1546,1546,1546,Engraving,Sheet: 4 9/16 × 3 1/16 in. (11.6 × 7.7 cm),"Gift of Janos Scholz, 1965",,,,,,,,,,,,Prints,,http://www.metmuseum.org/art/collection/search/431818,2019-08-01T04:38:22.923Z,"Metropolitan Museum of Art, New York, NY",Boys|Men|Camels|Merchants,https://images.metmuseum.org/CRDImages/dp/web-large/DP855479.jpg
50.607.2,False,True,431823,Drawings and Prints,Print,"Joseph Sold to the Merchants, from The Story of Joseph",,,,,The Story of Joseph,Artist,,Georg Pencz,"German, Wroclaw ca. 1500–1550 Leipzig",,"Pencz, Georg",German,1500,1550,1546,1546,1546,Engraving,Sheet: 4 1/2 × 3 1/16 in. (11.5 × 7.7 cm),"The Elisha Whittelsey Collection, The Elisha Whittelsey Fund, 1950",,,,,,,,,,,,Prints,,http://www.metmuseum.org/art/collection/search/431823,2019-02-01T10:50:49.477Z,"Metropolitan Museum of Art, New York, NY",Boys|Men|Camels,https://images.metmuseum.org/CRDImages/dp/web-large/DP855478.jpg
41.1.182,False,True,431826,Drawings and Prints,Print,"Joseph and Potiphar's Wife, from The Story of Joseph",,,,,The Story of Joseph,Artist,,Georg Pencz,"German, Wroclaw ca. 1500–1550 Leipzig",,"Pencz, Georg",German,1500,1550,1546,1546,1546,Engraving,Sheet: 4 1/2 × 3 1/16 in. (11.5 × 7.7 cm),"Gift of Felix M. Warburg and his family, 1941",,,,,,,,,,,,Prints,,http://www.metmuseum.org/art/collection/search/431826,2019-02-01T10:50:49.477Z,"Metropolitan Museum of Art, New York, NY",Bedrooms|Men|Women,https://images.metmuseum.org/CRDImages/dp/web-large/DP855477.jpg
17.3.1298,False,True,432069,Drawings and Prints,Print,"Reverse Copy of Joseph and Potiphar's Wife, from The Story of Joseph",,,,,The Story of Joseph,Artist,after,Georg Pencz,"German, Wroclaw ca. 1500–1550 Leipzig",,"Pencz, Georg",German,1500,1550,,1546,1600,Engraving,Sheet: 4 7/16 × 3 1/16 in. (11.2 × 7.8 cm),"Harris Brisbane Dick Fund, 1917",,,,,,,,,,,,Prints,,http://www.metmuseum.org/art/collection/search/432069,2019-02-01T10:50:49.477Z,"Metropolitan Museum of Art, New York, NY",Men|Women,https://images.metmuseum.org/CRDImages/dp/web-large/DP855476.jpg
57.658.61,False,True,432074,Drawings and Prints,Print,"Joseph and Potiphar's Wife, from The Story of Joseph",,,,,The Story of Joseph,Artist,,Georg Pencz,"German, Wroclaw ca. 1500–1550 Leipzig",,"Pencz, Georg",German,1500,1550,1546,1546,1546,Engraving,Sheet: 4 5/8 × 3 1/8 in. (11.7 × 8 cm),"Gift of Harry G. Friedman, 1957",,,,,,,,,,,,Prints,,http://www.metmuseum.org/art/collection/search/432074,2019-02-01T10:50:49.477Z,"Metropolitan Museum of Art, New York, NY",Men|Female Nudes,https://images.metmuseum.org/CRDImages/dp/web-large/DP855475.jpg
1986.1180.113,False,True,432077,Drawings and Prints,Print,"Tobias Leaving the Table, from The Story of Tobias",,,,,The Story of Tobias,Artist,,Georg Pencz,"German, Wroclaw ca. 1500–1550 Leipzig",,"Pencz, Georg",German,1500,1550,1543,1543,1543,Engraving; first state of two (Landau),Sheet: 2 1/2 × 3 13/16 in. (6.4 × 9.7 cm),"Bequest of Grace M. Pugh, 1985",,,,,,,,,,,,Prints,,http://www.metmuseum.org/art/collection/search/432077,2019-02-01T10:50:49.477Z,"Metropolitan Museum of Art, New York, NY",Men|Tables,https://images.metmuseum.org/CRDImages/dp/web-large/DP855473.jpg
17.3.484,False,True,432081,Drawings and Prints,Print,"Tobias Leaving the Table, from The Story of Tobias",,,,,The Story of Tobias,Artist,,Georg Pencz,"German, Wroclaw ca. 1500–1550 Leipzig",,"Pencz, Georg",German,1500,1550,1543,1543,1543,Engraving; first state of two (Landau),Sheet: 2 1/2 × 3 7/8 in. (6.4 × 9.8 cm),"Harris Brisbane Dick Fund, 1917",,,,,,,,,,,,Prints,,http://www.metmuseum.org/art/collection/search/432081,2019-02-01T10:50:49.477Z,"Metropolitan Museum of Art, New York, NY",Men,https://images.metmuseum.org/CRDImages/dp/web-large/DP855474.jpg
17.3.1278,False,True,432085,Drawings and Prints,Print,"Tobias and the Archangel Raphael, from The Story of Tobias",,,,,The Story of Tobias,Artist,,Georg Pencz,"German, Wroclaw ca. 1500–1550 Leipzig",,"Pencz, Georg",German,1500,1550,1543,1543,1543,Engraving; first state of three (Landau),Sheet: 2 11/16 × 4 3/16 in. (6.8 × 10.6 cm),"Harris Brisbane Dick Fund, 1917",,,,,,,,,,,,Prints,,http://www.metmuseum.org/art/collection/search/432085,2019-10-10T14:54:23.72Z,"Metropolitan Museum of Art, New York, NY",Men|Women|Angels,https://images.metmuseum.org/CRDImages/dp/web-large/DP855471.jpg
60.621.28,False,True,432087,Drawings and Prints,Print,"Tobiolus Catches the Fish, from The Story of Tobias",,,,,The Story of Tobias,Artist,,Georg Pencz,"German, Wroclaw ca. 1500–1550 Leipzig",,"Pencz, Georg",German,1500,1550,1543,1543,1543,Engraving; second state of two (Landau),Sheet: 2 11/16 × 4 1/16 in. (6.9 × 10.3 cm),"The Elisha Whittelsey Collection, The Elisha Whittelsey Fund, 1960",,,,,,,,,,,,Prints,,http://www.metmuseum.org/art/collection/search/432087,2019-02-01T10:50:49.477Z,"Metropolitan Museum of Art, New York, NY",Men|Fish,https://images.metmuseum.org/CRDImages/dp/web-large/DP855470.jpg
62.635.289,False,True,432093,Drawings and Prints,Print,Lot and His Daughters,,,,,Scenes from the Old Testament,Artist,,Georg Pencz,"German, Wroclaw ca. 1500–1550 Leipzig",,"Pencz, Georg",German,1500,1550,,1526,1536,Engraving,Sheet: 1 15/16 × 3 1/16 in. (4.9 × 7.7 cm),"Gift of Harry G. Friedman, 1962",,,,,,,,,,,,Prints,,http://www.metmuseum.org/art/collection/search/432093,2019-02-01T10:50:49.477Z,"Metropolitan Museum of Art, New York, NY",Men|Women,https://images.metmuseum.org/CRDImages/dp/web-large/DP855453.jpg
22.36.20,False,True,432094,Drawings and Prints,Print,David and Bathsheba,,,,,Scenes from the Old Testament,Artist,,Georg Pencz,"German, Wroclaw ca. 1500–1550 Leipzig",,"Pencz, Georg",German,1500,1550,,1526,1536,Engraving; first state of two (Landau),Sheet: 1 7/8 × 3 1/8 in. (4.8 × 7.9 cm),"Rogers Fund, 1922",,,,,,,,,,,,Prints,,http://www.metmuseum.org/art/collection/search/432094,2019-04-04T04:52:49.54Z,"Metropolitan Museum of Art, New York, NY",Bathsheba|David|Bathing,https://images.metmuseum.org/CRDImages/dp/web-large/DP855455.jpg
22.36.21,False,True,432095,Drawings and Prints,Print,Solomon Worshipping Idols,,,,,Scenes from the Old Testament,Artist,,Georg Pencz,"German, Wroclaw ca. 1500–1550 Leipzig",,"Pencz, Georg",German,1500,1550,,1526,1536,Engraving,Sheet: 1 15/16 × 3 1/16 in. (4.9 × 7.8 cm),"Rogers Fund, 1922",,,,,,,,,,,,Prints,,http://www.metmuseum.org/art/collection/search/432095,2019-08-22T03:00:43.77Z,"Metropolitan Museum of Art, New York, NY",Men|Women|Worshiping,https://images.metmuseum.org/CRDImages/dp/web-large/DP855456.jpg
59.644.74,False,True,432096,Drawings and Prints,Print,"Tobiolus Makes a Propitiatory Sacrifice, from The Story of Tobias",,,,,The Story of Tobias,Artist,,Georg Pencz,"German, Wroclaw ca. 1500–1550 Leipzig",,"Pencz, Georg",German,1500,1550,1543,1543,1543,Engraving; second state of two (Landau),Sheet: 2 3/4 × 4 3/16 in. (7 × 10.6 cm),"Gift of Harry G. Friedman, 1959",,,,,,,,,,,,Prints,,http://www.metmuseum.org/art/collection/search/432096,2019-02-01T10:50:49.477Z,"Metropolitan Museum of Art, New York, NY",Fruit|Men|Beds,https://images.metmuseum.org/CRDImages/dp/web-large/DP855469.jpg
62.635.612,False,True,432100,Drawings and Prints,Print,The Judgment of Solomon,,,,,Scenes from the Old Testament,Artist,,Georg Pencz,"German, Wroclaw ca. 1500–1550 Leipzig",,"Pencz, Georg",German,1500,1550,,1526,1536,Engraving,Sheet: 1 15/16 × 3 1/16 in. (5 × 7.7 cm),"Gift of Harry G. Friedman, 1962",,,,,,,,,,,,Prints,,http://www.metmuseum.org/art/collection/search/432100,2019-02-01T10:50:49.477Z,"Metropolitan Museum of Art, New York, NY",Kings|Infants|Men|Women,https://images.metmuseum.org/CRDImages/dp/web-large/DP855462.jpg
22.36.19,False,True,432101,Drawings and Prints,Print,Judith and Holofernes Dining,,,,,Scenes from the Old Testament,Artist,,Georg Pencz,"German, Wroclaw ca. 1500–1550 Leipzig",,"Pencz, Georg",German,1500,1550,,1526,1536,Engraving,Sheet: 2 × 3 1/16 in. (5.1 × 7.8 cm),"Rogers Fund, 1922",,,,,,,,,,,,Prints,,http://www.metmuseum.org/art/collection/search/432101,2019-04-04T04:52:49.54Z,"Metropolitan Museum of Art, New York, NY",Holofernes|Judith|Dining,https://images.metmuseum.org/CRDImages/dp/web-large/DP855463.jpg
60.621.27,False,True,432102,Drawings and Prints,Print,Susanna and the Elders,,,,,Scenes from the Old Testament,Artist,,Georg Pencz,"German, Wroclaw ca. 1500–1550 Leipzig",,"Pencz, Georg",German,1500,1550,,1526,1536,Engraving,Sheet: 1 13/16 × 2 7/8 in. (4.6 × 7.3 cm),"The Elisha Whittelsey Collection, The Elisha Whittelsey Fund, 1960",,,,,,,,,,,,Prints,,http://www.metmuseum.org/art/collection/search/432102,2019-02-01T10:50:49.477Z,"Metropolitan Museum of Art, New York, NY",Buildings|Men|Female Nudes|Trees,https://images.metmuseum.org/CRDImages/dp/web-large/DP855464.jpg
66.529.83,False,True,432103,Drawings and Prints,Print,Susanna and the Elders,,,,,Scenes from the Old Testament,Artist,,Georg Pencz,"German, Wroclaw ca. 1500–1550 Leipzig",,"Pencz, Georg",German,1500,1550,,1526,1536,Engraving,Sheet: 1 7/8 × 2 15/16 in. (4.7 × 7.5 cm),"The Elisha Whittelsey Collection, The Elisha Whittelsey Fund, 1966",,,,,,,,,,,,Prints,,http://www.metmuseum.org/art/collection/search/432103,2019-02-01T10:50:49.477Z,"Metropolitan Museum of Art, New York, NY",Buildings|Men|Female Nudes,https://images.metmuseum.org/CRDImages/dp/web-large/DP855459.jpg
66.529.85,False,True,432105,Drawings and Prints,Print,Salome with the Head of John the Baptist,,,,,,Artist,,Georg Pencz,"German, Wroclaw ca. 1500–1550 Leipzig",,"Pencz, Georg",German,1500,1550,,1526,1536,Engraving,Sheet: 1 15/16 × 3 1/16 in. (4.9 × 7.7 cm),"The Elisha Whittelsey Collection, The Elisha Whittelsey Fund, 1966",,,,,,,,,,,,Prints,,http://www.metmuseum.org/art/collection/search/432105,2019-02-01T10:50:49.477Z,"Metropolitan Museum of Art, New York, NY",Heads|Men|Women|Saint John the Baptist,https://images.metmuseum.org/CRDImages/dp/web-large/DP855460.jpg
22.36.22,False,True,432107,Drawings and Prints,Print,Samson and Delilah,,,,,,Artist,,Georg Pencz,"German, Wroclaw ca. 1500–1550 Leipzig",,"Pencz, Georg",German,1500,1550,,1526,1536,Engraving,Sheet: 1 7/8 × 3 1/16 in. (4.8 × 7.8 cm),"Rogers Fund, 1922",,,,,,,,,,,,Prints,,http://www.metmuseum.org/art/collection/search/432107,2019-04-04T04:52:49.54Z,"Metropolitan Museum of Art, New York, NY",Women|Samson,https://images.metmuseum.org/CRDImages/dp/web-large/DP855461.jpg
30.50.2,False,True,432108,Drawings and Prints,Print,"Christ with the Doctors in the Temple, from The Story of Christ",,,,,The Story of Christ,Artist,,Georg Pencz,"German, Wroclaw ca. 1500–1550 Leipzig",,"Pencz, Georg",German,1500,1550,1534–35,1534,1535,Engraving,Sheet: 1 1/2 × 1 7/8 in. (3.8 × 4.7 cm),"Harris Brisbane Dick Fund, 1930",,,,,,,,,,,,Prints,,http://www.metmuseum.org/art/collection/search/432108,2019-10-10T14:54:23.72Z,"Metropolitan Museum of Art, New York, NY",Men|Women|Doctors|Christ,https://images.metmuseum.org/CRDImages/dp/web-large/DP855484.jpg
17.3.1280,False,True,432109,Drawings and Prints,Print,"Christ Healing the Leper, from The Story of Christ",,,,,The Story of Christ,Artist,,Georg Pencz,"German, Wroclaw ca. 1500–1550 Leipzig",,"Pencz, Georg",German,1500,1550,1534–35,1534,1535,Engraving,Sheet: 1 9/16 × 2 5/16 in. (3.9 × 5.8 cm),"Harris Brisbane Dick Fund, 1917",,,,,,,,,,,,Prints,,http://www.metmuseum.org/art/collection/search/432109,2019-10-10T14:54:23.72Z,"Metropolitan Museum of Art, New York, NY",Illness|Men|Christ,https://images.metmuseum.org/CRDImages/dp/web-large/DP855485.jpg
17.3.1281,False,True,432115,Drawings and Prints,Print,"Christ Sleeping During the Storm on Lake Tiberias, from The Story of Christ",,,,,The Story of Christ,Artist,,Georg Pencz,"German, Wroclaw ca. 1500–1550 Leipzig",,"Pencz, Georg",German,1500,1550,1534–35,1534,1535,Engraving,Sheet: 1 1/2 × 2 1/4 in. (3.8 × 5.7 cm),"Harris Brisbane Dick Fund, 1917",,,,,,,,,,,,Prints,,http://www.metmuseum.org/art/collection/search/432115,2019-10-10T14:54:23.72Z,"Metropolitan Museum of Art, New York, NY",Sleeping|Men|Lakes|Storms|Christ,https://images.metmuseum.org/CRDImages/dp/web-large/DP855486.jpg
17.3.1283,False,True,432116,Drawings and Prints,Print,"The Parable of the Father and His Two Sons in the Vineyard, from The Story of Christ",,,,,The Story of Christ,Artist,,Georg Pencz,"German, Wroclaw ca. 1500–1550 Leipzig",,"Pencz, Georg",German,1500,1550,1534–35,1534,1535,Engraving,Sheet: 1 9/16 × 2 5/16 in. (3.9 × 5.9 cm),"Harris Brisbane Dick Fund, 1917",,,,,,,,,,,,Prints,,http://www.metmuseum.org/art/collection/search/432116,2019-02-01T10:50:49.477Z,"Metropolitan Museum of Art, New York, NY",Boys|Fathers|Working,https://images.metmuseum.org/CRDImages/dp/web-large/DP855487.jpg
1984.1102,False,True,432117,Drawings and Prints,Print,"Christ Sleeping During the Storm on Lake Tiberias, from The Story of Christ",,,,,The Story of Christ,Artist,,Georg Pencz,"German, Wroclaw ca. 1500–1550 Leipzig",,"Pencz, Georg",German,1500,1550,1534–35,1534,1535,Engraving,Sheet: 1 7/16 × 2 1/4 in. (3.7 × 5.7 cm),"Hyatt Mayor Purchase Fund, Marjorie Phelps Starr Bequest, 1984",,,,,,,,,,,,Prints,,http://www.metmuseum.org/art/collection/search/432117,2019-10-10T14:54:23.72Z,"Metropolitan Museum of Art, New York, NY",Sleeping|Men|Storms|Boats|Christ,https://images.metmuseum.org/CRDImages/dp/web-large/DP855488.jpg
41.1.185,False,True,432118,Drawings and Prints,Print,Christ and the Children,,,,,,Artist,,Georg Pencz,"German, Wroclaw ca. 1500–1550 Leipzig",,"Pencz, Georg",German,1500,1550,,1543,1553,Engraving,Sheet: 3 1/8 × 4 5/8 in. (8 × 11.7 cm),"Gift of Felix M. Warburg and his family, 1941",,,,,,,,,,,,Prints,,http://www.metmuseum.org/art/collection/search/432118,2019-10-10T14:54:23.72Z,"Metropolitan Museum of Art, New York, NY",Children|Women|Christ,https://images.metmuseum.org/CRDImages/dp/web-large/DP855482.jpg
57.658.112,False,False,432119,Drawings and Prints,Print,"Tomiris with the Head of King Cyrus, from The Greek Heroines",,,,,The Greek Heroines,Artist,,Georg Pencz,"German, Wroclaw ca. 1500–1550 Leipzig",,"Pencz, Georg",German,1500,1550,,1534,1544,Engraving; first state of two (Landau),Sheet: 4 3/4 × 3 1/16 in. (12 × 7.7 cm),Gift of Harry G. Friedman,,,,,,,,,,,,Prints,,http://www.metmuseum.org/art/collection/search/432119,,"Metropolitan Museum of Art, New York, NY",,
1986.1180.114,False,True,432120,Drawings and Prints,Print,"The Parable of the Sower, from The Story of Christ",,,,,The Story of Christ,Artist,,Georg Pencz,"German, Wroclaw ca. 1500–1550 Leipzig",,"Pencz, Georg",German,1500,1550,1534–35,1534,1535,Engraving,Sheet: 1 1/2 × 2 1/4 in. (3.8 × 5.7 cm),"Bequest of Grace M. Pugh, 1985",,,,,,,,,,,,Prints,,http://www.metmuseum.org/art/collection/search/432120,2019-02-01T10:50:49.477Z,"Metropolitan Museum of Art, New York, NY",Birds|Swords|Men|Trees,https://images.metmuseum.org/CRDImages/dp/web-large/DP855489.jpg
1986.1180.115,False,True,432121,Drawings and Prints,Print,"The Miracle of the Loaves and the Fishes, from The Story of Christ",,,,,The Story of Christ,Artist,,Georg Pencz,"German, Wroclaw ca. 1500–1550 Leipzig",,"Pencz, Georg",German,1500,1550,1534–35,1534,1535,Engraving,Sheet: 1 9/16 × 2 3/8 in. (4 × 6.1 cm),"Bequest of Grace M. Pugh, 1985",,,,,,,,,,,,Prints,,http://www.metmuseum.org/art/collection/search/432121,2019-10-10T14:54:23.72Z,"Metropolitan Museum of Art, New York, NY",Christ,https://images.metmuseum.org/CRDImages/dp/web-large/DP855490.jpg
1986.1180.116,False,True,432123,Drawings and Prints,Print,"Christ Speaking to the Disciples, from The Story of Christ",,,,,The Story of Christ,Artist,,Georg Pencz,"German, Wroclaw ca. 1500–1550 Leipzig",,"Pencz, Georg",German,1500,1550,1534–35,1534,1535,Engraving,Sheet: 1 1/2 × 2 5/16 in. (3.8 × 5.9 cm),"Bequest of Grace M. Pugh, 1985",,,,,,,,,,,,Prints,,http://www.metmuseum.org/art/collection/search/432123,2019-10-10T14:54:23.72Z,"Metropolitan Museum of Art, New York, NY",Animals|Men|Christ,https://images.metmuseum.org/CRDImages/dp/web-large/DP855491.jpg
59.644.75,False,True,432125,Drawings and Prints,Print,Christ and the Adulterous Woman,,,,,,Artist,,Georg Pencz,"German, Wroclaw ca. 1500–1550 Leipzig",,"Pencz, Georg",German,1500,1550,,1541,1551,Engraving,Sheet: 2 3/8 × 3 1/4 in. (6.1 × 8.3 cm),"Gift of Harry G. Friedman, 1959",,,,,,,,,,,,Prints,,http://www.metmuseum.org/art/collection/search/432125,2019-10-10T14:54:23.72Z,"Metropolitan Museum of Art, New York, NY",Men|Women|Christ,https://images.metmuseum.org/CRDImages/dp/web-large/DP855495.jpg
66.529.86,False,False,432126,Drawings and Prints,Print,"The Good Samaritan, from The Parable of Lazarus",,,,,The Parable of Lazarus,Artist,,Georg Pencz,"German, Wroclaw ca. 1500–1550 Leipzig",,"Pencz, Georg",German,1500,1550,1543,1543,1543,Engraving,Sheet: 3 × 4 1/2 in. (7.6 × 11.4 cm),"The Elisha Whittelsey Collection, The Elisha Whittelsey Fund, 1966",,,,,,,,,,,,Prints,,http://www.metmuseum.org/art/collection/search/432126,,"Metropolitan Museum of Art, New York, NY",,
41.1.183,False,False,432127,Drawings and Prints,Print,"Medea and Jason, from The Greek Heroines",,,,,The Greek Heroines,Artist,,Georg Pencz,"German, Wroclaw ca. 1500–1550 Leipzig",,"Pencz, Georg",German,1500,1550,1539,1539,1539,Engraving; first state of two (Hollstein),Sheet: 4 5/8 × 3 in. (11.7 × 7.6 cm),"Gift of Felix M. Warburg and his family, 1941",,,,,,,,,,,,Prints,,http://www.metmuseum.org/art/collection/search/432127,,"Metropolitan Museum of Art, New York, NY",,
1986.1180.117,False,True,432134,Drawings and Prints,Print,"Paris and Oenone, from The Greek Heroines",,,,,The Greek Heroines,Artist,,Georg Pencz,"German, Wroclaw ca. 1500–1550 Leipzig",,"Pencz, Georg",German,1500,1550,1539,1539,1539,Engraving,Sheet: 4 5/8 × 3 1/16 in. (11.8 × 7.7 cm),"Bequest of Grace M. Pugh, 1985",,,,,,,,,,,,Prints,,http://www.metmuseum.org/art/collection/search/432134,2019-09-19T03:00:42.657Z,"Metropolitan Museum of Art, New York, NY",Male Nudes|Female Nudes|Nymphs|Dogs,https://images.metmuseum.org/CRDImages/dp/web-large/DP855505.jpg
59.644.76,False,True,432135,Drawings and Prints,Print,"Cephalus and Procris, from The Greek Heroines",,,,,The Greek Heroines,Artist,,Georg Pencz,"German, Wroclaw ca. 1500–1550 Leipzig",,"Pencz, Georg",German,1500,1550,1539,1539,1539,Engraving,Sheet: 4 3/4 × 3 1/16 in. (12.1 × 7.7 cm),"Gift of Harry G. Friedman, 1959",,,,,,,,,,,,Prints,,http://www.metmuseum.org/art/collection/search/432135,2019-09-19T03:00:42.657Z,"Metropolitan Museum of Art, New York, NY",Men|Female Nudes|Bow and Arrow,https://images.metmuseum.org/CRDImages/dp/web-large/DP855504.jpg
57.658.92,False,True,432142,Drawings and Prints,Print,"Mucius Scaevola and Porsenna, from Roman Heroes",,,,,Roman Heroes,Artist,,Georg Pencz,"German, Wroclaw ca. 1500–1550 Leipzig",,"Pencz, Georg",German,1500,1550,1535,1535,1535,Engraving,Sheet: 4 5/8 × 3 1/8 in. (11.7 × 7.9 cm),"Gift of Harry G. Friedman, 1957",,,,,,,,,,,,Prints,,http://www.metmuseum.org/art/collection/search/432142,2019-02-01T10:50:49.477Z,"Metropolitan Museum of Art, New York, NY",Swords|Men,https://images.metmuseum.org/CRDImages/dp/web-large/DP855503.jpg
57.658.57,False,True,432143,Drawings and Prints,Print,"Titus Manlius, from Roman Heroes",,,,,Roman Heroes,Artist,,Georg Pencz,"German, Wroclaw ca. 1500–1550 Leipzig",,"Pencz, Georg",German,1500,1550,1535,1535,1535,Engraving,Sheet: 4 5/8 × 2 15/16 in. (11.7 × 7.5 cm),"Gift of Harry G. Friedman, 1957",,,,,,,,,,,,Prints,,http://www.metmuseum.org/art/collection/search/432143,2019-02-01T10:50:49.477Z,"Metropolitan Museum of Art, New York, NY",Soldiers|Weapons|Men|Execution,https://images.metmuseum.org/CRDImages/dp/web-large/DP855501.jpg
1986.1180.118,False,True,432144,Drawings and Prints,Print,"Titus Manlius, from Roman Heroes",,,,,Roman Heroes,Artist,,Georg Pencz,"German, Wroclaw ca. 1500–1550 Leipzig",,"Pencz, Georg",German,1500,1550,1535,1535,1535,Engraving,Sheet: 4 9/16 × 2 15/16 in. (11.6 × 7.4 cm),"Bequest of Grace M. Pugh, 1985",,,,,,,,,,,,Prints,,http://www.metmuseum.org/art/collection/search/432144,2019-02-01T10:50:49.477Z,"Metropolitan Museum of Art, New York, NY",Soldiers|Weapons|Men|Punishment,https://images.metmuseum.org/CRDImages/dp/web-large/DP855502.jpg
17.3.1277,False,True,432151,Drawings and Prints,Print,"Attilius Regulus, from Roman Heroes",,,,,Roman Heroes,Artist,,Georg Pencz,"German, Wroclaw ca. 1500–1550 Leipzig",,"Pencz, Georg",German,1500,1550,1535,1535,1535,Engraving,Sheet: 4 5/8 × 2 15/16 in. (11.7 × 7.4 cm),"Harris Brisbane Dick Fund, 1917",,,,,,,,,,,,Prints,,http://www.metmuseum.org/art/collection/search/432151,2019-02-01T10:50:49.477Z,"Metropolitan Museum of Art, New York, NY",Weapons|Men|Punishment,https://images.metmuseum.org/CRDImages/dp/web-large/DP855499.jpg
62.635.610,False,True,432152,Drawings and Prints,Print,"Copy of Attilius Regulus, from Roman Heroes",,,,,Roman Heroes,Artist,after,Georg Pencz,"German, Wroclaw ca. 1500–1550 Leipzig",,"Pencz, Georg",German,1500,1550,,1535,1600,Engraving,Sheet: 4 5/8 × 2 15/16 in. (11.8 × 7.5 cm),"Gift of Harry G. Friedman, 1962",,,,,,,,,,,,Prints,,http://www.metmuseum.org/art/collection/search/432152,2019-02-01T10:50:49.477Z,"Metropolitan Museum of Art, New York, NY",Swords|Men|Punishment,https://images.metmuseum.org/CRDImages/dp/web-large/DP855500.jpg
17.21.48,False,True,432153,Drawings and Prints,Print,"Tarquinius Rapes Lucretia, from Scenes from Roman History",,,,,Scenes from Roman History,Artist,,Georg Pencz,"German, Wroclaw ca. 1500–1550 Leipzig",,"Pencz, Georg",German,1500,1550,,1541,1552,Engraving,Sheet: 3 3/16 × 4 3/4 in. (8.1 × 12 cm),"Gift of David Keppel, 1917",,,,,,,,,,,,Prints,,http://www.metmuseum.org/art/collection/search/432153,2019-02-01T10:50:49.477Z,"Metropolitan Museum of Art, New York, NY",Swords|Kings|Male Nudes|Female Nudes,https://images.metmuseum.org/CRDImages/dp/web-large/DP855498.jpg
66.529.87,False,True,432154,Drawings and Prints,Print,"Suicide of Lucretia, from Scenes from Roman History",,,,,Scenes from Roman History,Artist,,Georg Pencz,"German, Wroclaw ca. 1500–1550 Leipzig",,"Pencz, Georg",German,1500,1550,,1541,1552,Engraving,Sheet: 3 1/8 × 4 5/8 in. (7.9 × 11.7 cm),"The Elisha Whittelsey Collection, The Elisha Whittelsey Fund, 1966",,,,,,,,,,,,Prints,,http://www.metmuseum.org/art/collection/search/432154,2019-02-01T10:50:49.477Z,"Metropolitan Museum of Art, New York, NY",Men|Women|Death,https://images.metmuseum.org/CRDImages/dp/web-large/DP855497.jpg
57.658.59,False,True,432155,Drawings and Prints,Print,"Suicide of Lucretia, from Scenes from Roman History",,,,,Scenes from Roman History,Artist,,Georg Pencz,"German, Wroclaw ca. 1500–1550 Leipzig",,"Pencz, Georg",German,1500,1550,,1541,1552,Engraving,Sheet (trimmed): 3 1/16 × 4 1/2 in. (7.8 × 11.5 cm),"Gift of Harry G. Friedman, 1957",,,,,,,,,,,,Prints,,http://www.metmuseum.org/art/collection/search/432155,2019-02-01T10:50:49.477Z,"Metropolitan Museum of Art, New York, NY",Men|Women,https://images.metmuseum.org/CRDImages/dp/web-large/DP855496.jpg
1986.1180.119,False,False,432156,Drawings and Prints,Print,"Suicide of Lucretia, from Scenes from Roman History",,,,,Scenes from Roman History,Artist,,Georg Pencz,"German, Wroclaw ca. 1500–1550 Leipzig",,"Pencz, Georg",German,1500,1550,,1541,1552,Engraving,Sheet: 3 1/8 × 4 5/8 in. (7.9 × 11.7 cm),"Bequest of Grace M. Pugh, 1985",,,,,,,,,,,,Prints,,http://www.metmuseum.org/art/collection/search/432156,,"Metropolitan Museum of Art, New York, NY",,
53.601.20(92),False,False,432157,Drawings and Prints,Print,"Horatius Cocles Defending the Bridge, from Scenes from Roman History",,,,,Scenes from Roman History,Artist,,Georg Pencz,"German, Wroclaw ca. 1500–1550 Leipzig",,"Pencz, Georg",German,1500,1550,,1532,1542,Engraving,Sheet: 3 1/8 × 4 5/8 in. (7.9 × 11.8 cm),"Harris Brisbane Dick Fund, 1953",,,,,,,,,,,,Prints,,http://www.metmuseum.org/art/collection/search/432157,,"Metropolitan Museum of Art, New York, NY",,
57.658.89,False,False,432158,Drawings and Prints,Print,"Cloelia and the Etruscan King Porsenna, from Scenes from Roman History",,,,,Scenes from Roman History,Artist,,Georg Pencz,"German, Wroclaw ca. 1500–1550 Leipzig",,"Pencz, Georg",German,1500,1550,,1532,1542,Engraving,Sheet: 3 1/8 × 4 5/8 in. (8 × 11.7 cm),"Gift of Harry G. Friedman, 1957",,,,,,,,,,,,Prints,,http://www.metmuseum.org/art/collection/search/432158,,"Metropolitan Museum of Art, New York, NY",,
62.635.413,False,False,432159,Drawings and Prints,Print,Sophonisba Drinking the Poison,,,,,,Artist,,Georg Pencz,"German, Wroclaw ca. 1500–1550 Leipzig",,"Pencz, Georg",German,1500,1550,,1534,1544,Engraving,Sheet: 7 5/16 × 4 7/8 in. (18.5 × 12.4 cm),"Gift of Harry G. Friedman, 1962",,,,,,,,,,,,Prints,,http://www.metmuseum.org/art/collection/search/432159,,"Metropolitan Museum of Art, New York, NY",,
62.635.614,False,False,432160,Drawings and Prints,Print,Sophonisba Drinking the Poison,,,,,,Artist,,Georg Pencz,"German, Wroclaw ca. 1500–1550 Leipzig",,"Pencz, Georg",German,1500,1550,,1534,1544,Engraving,"Sheet: 10 9/16 × 7 1/16 in. (26.8 × 18 cm)
Plate: 7 1/2 × 5 1/16 in. (19.1 × 12.9 cm)","Gift of Harry G. Friedman, 1962",,,,,,,,,,,,Prints,,http://www.metmuseum.org/art/collection/search/432160,,"Metropolitan Museum of Art, New York, NY",,
17.3.485,False,False,432178,Drawings and Prints,Print,Artemisia Drinking the Ashes of Her Husband,,,,,,Artist,,Georg Pencz,"German, Wroclaw ca. 1500–1550 Leipzig",,"Pencz, Georg",German,1500,1550,,1534,1544,Engraving,Sheet: 7 11/16 × 5 5/16 in. (19.5 × 13.5 cm),"Harris Brisbane Dick Fund, 1917",,,,,,,,,,,,Prints,,http://www.metmuseum.org/art/collection/search/432178,,"Metropolitan Museum of Art, New York, NY",,
30.50.3,False,False,432179,Drawings and Prints,Print,"Virginia Killed by Her Father, Lucius Virginius",,,,,,Artist,,Georg Pencz,"German, Wroclaw ca. 1500–1550 Leipzig",,"Pencz, Georg",German,1500,1550,,1541,1552,Engraving,Sheet: 4 1/2 × 2 15/16 in. (11.4 × 7.4 cm),"Harris Brisbane Dick Fund, 1930",,,,,,,,,,,,Prints,,http://www.metmuseum.org/art/collection/search/432179,,"Metropolitan Museum of Art, New York, NY",,
62.635.611bis,False,False,432180,Drawings and Prints,Print,"Virginia Killed by Her Father, Lucius Virginius",,,,,,Artist,,Georg Pencz,"German, Wroclaw ca. 1500–1550 Leipzig",,"Pencz, Georg",German,1500,1550,,1541,1552,Engraving,Sheet: 4 1/2 × 2 15/16 in. (11.4 × 7.4 cm),"Gift of Harry G. Friedman, 1962",,,,,,,,,,,,Prints,,http://www.metmuseum.org/art/collection/search/432180,,"Metropolitan Museum of Art, New York, NY",,
49.132.94,False,True,432181,Drawings and Prints,Print,"The Courtesan Punished, from The Story of the Magician Virgil",,,,,The Story of the Magician Virgil,Artist,,Georg Pencz,"German, Wroclaw ca. 1500–1550 Leipzig",,"Pencz, Georg",German,1500,1550,,1536,1547,Engraving; second state of three (Landau),Sheet: 2 3/8 × 3 1/4 in. (6.1 × 8.3 cm),"Gift of Edwin De T. Bechtel, 1949",,,,,,,,,,,,Prints,,http://www.metmuseum.org/art/collection/search/432181,2019-02-01T10:50:49.477Z,"Metropolitan Museum of Art, New York, NY",Men|Female Nudes|Punishment,https://images.metmuseum.org/CRDImages/dp/web-large/DP855494.jpg
63.706.124,False,True,432182,Drawings and Prints,Print,Reverse Copy of Thetis and Chiron,,,,,,Artist,after,Georg Pencz,"German, Wroclaw ca. 1500–1550 Leipzig",,"Pencz, Georg",German,1500,1550,1546,1546,1546,Engraving,Sheet: 2 5/16 × 3 3/16 in. (5.9 × 8.1 cm),"Gift of Harry G. Friedman, 1963",,,,,,,,,,,,Prints,,http://www.metmuseum.org/art/collection/search/432182,2019-09-19T03:00:42.657Z,"Metropolitan Museum of Art, New York, NY",Female Nudes|Men|Centaurs,https://images.metmuseum.org/CRDImages/dp/web-large/DP855492.jpg
1986.1180.120,False,True,432183,Drawings and Prints,Print,Diana and Actaeon,,,,,,Artist,,Georg Pencz,"German, Wroclaw ca. 1500–1550 Leipzig",,"Pencz, Georg",German,1500,1550,,1528,1538,Engraving; second state of two (Hollstein),Sheet: 1 7/8 × 3 1/16 in. (4.8 × 7.7 cm),"Bequest of Grace M. Pugh, 1986",,,,,,,,,,,,Prints,,http://www.metmuseum.org/art/collection/search/432183,2019-02-01T10:50:49.477Z,"Metropolitan Museum of Art, New York, NY",Actaeon|Diana,https://images.metmuseum.org/CRDImages/dp/web-large/DP867536.jpg
1986.1180.121,False,True,432527,Drawings and Prints,Print,"Pride (Superbia), from The Seven Vices",,,,,The Seven Vices,Artist,,Georg Pencz,"German, Wroclaw ca. 1500–1550 Leipzig",,"Pencz, Georg",German,1500,1550,,1536,1546,Engraving,Sheet: 3 1/4 × 2 1/16 in. (8.2 × 5.3 cm),"Bequest of Grace M. Pugh, 1985",,,,,,,,,,,,Prints,,http://www.metmuseum.org/art/collection/search/432527,2019-02-01T10:50:49.477Z,"Metropolitan Museum of Art, New York, NY",Horses,https://images.metmuseum.org/CRDImages/dp/web-large/DP867537.jpg
57.658.58,False,True,432530,Drawings and Prints,Print,"Wrath (Ira), from The Seven Vices",,,,,The Seven Vices,Artist,,Georg Pencz,"German, Wroclaw ca. 1500–1550 Leipzig",,"Pencz, Georg",German,1500,1550,,1536,1546,Engraving,Sheet: 3 5/16 × 2 1/8 in. (8.4 × 5.4 cm),"Gift of Harry G. Friedman, 1957",,,,,,,,,,,,Prints,,http://www.metmuseum.org/art/collection/search/432530,2019-02-01T10:50:49.477Z,"Metropolitan Museum of Art, New York, NY",Animals|Swords,https://images.metmuseum.org/CRDImages/dp/web-large/DP867538.jpg
1986.1180.122,False,True,432533,Drawings and Prints,Print,"Taste (Gustus), from The Five Senses",,,,,The Five Senses,Artist,,Georg Pencz,"German, Wroclaw ca. 1500–1550 Leipzig",,"Pencz, Georg",German,1500,1550,,1539,1549,Engraving; first state of two (Landau),Sheet: 3 1/16 × 1 15/16 in. (7.7 × 5 cm),"Bequest of Grace M. Pugh, 1985",,,,,,,,,,,,Prints,,http://www.metmuseum.org/art/collection/search/432533,2019-07-31T03:00:40.447Z,"Metropolitan Museum of Art, New York, NY",Food|Eating|Female Nudes|Monkeys,https://images.metmuseum.org/CRDImages/dp/web-large/DP867540.jpg
57.658.56,False,True,432539,Drawings and Prints,Print,"Touch (Tactus), from The Five Senses",,,,,The Five Senses,Artist,,Georg Pencz,"German, Wroclaw ca. 1500–1550 Leipzig",,"Pencz, Georg",German,1500,1550,,1539,1549,Engraving,Sheet (trimmed at bottom): 2 15/16 × 2 1/16 in. (7.4 × 5.2 cm),"Gift of Harry G. Friedman, 1957",,,,,,,,,,,,Prints,,http://www.metmuseum.org/art/collection/search/432539,2019-02-01T10:50:49.477Z,"Metropolitan Museum of Art, New York, NY",Female Nudes|Working,https://images.metmuseum.org/CRDImages/dp/web-large/DP867541.jpg
41.1.186,False,True,432542,Drawings and Prints,Print,"Grammatica, from The Liberal Arts",,,,,The Liberal Arts,Artist,,Georg Pencz,"German, Wroclaw ca. 1500–1550 Leipzig",,"Pencz, Georg",German,1500,1550,,1536,1546,Engraving,Sheet: 2 15/16 × 1 15/16 in. (7.4 × 5 cm),"Gift of Felix M. Warburg and his family, 1941",,,,,,,,,,,,Prints,,http://www.metmuseum.org/art/collection/search/432542,2019-02-01T10:50:49.477Z,"Metropolitan Museum of Art, New York, NY",Women|Keys,https://images.metmuseum.org/CRDImages/dp/web-large/DP860348.jpg
41.1.187,False,True,432544,Drawings and Prints,Print,"Dialectica, from The Liberal Arts",,,,,The Liberal Arts,Artist,,Georg Pencz,"German, Wroclaw ca. 1500–1550 Leipzig",,"Pencz, Georg",German,1500,1550,,1536,1546,Engraving,Sheet: 2 15/16 × 2 1/16 in. (7.5 × 5.2 cm),"Gift of Felix M. Warburg and his family, 1941",,,,,,,,,,,,Prints,,http://www.metmuseum.org/art/collection/search/432544,2019-02-01T10:50:49.477Z,"Metropolitan Museum of Art, New York, NY",Women|Weights and Measures,https://images.metmuseum.org/CRDImages/dp/web-large/DP860349.jpg
41.1.188,False,True,432547,Drawings and Prints,Print,"Rhetorica, from The Liberal Arts",,,,,The Liberal Arts,Artist,,Georg Pencz,"German, Wroclaw ca. 1500–1550 Leipzig",,"Pencz, Georg",German,1500,1550,,1536,1546,Engraving,Sheet: 2 15/16 × 2 in. (7.4 × 5.1 cm),"Gift of Felix M. Warburg and his family, 1941",,,,,,,,,,,,Prints,,http://www.metmuseum.org/art/collection/search/432547,2019-02-01T10:50:49.477Z,"Metropolitan Museum of Art, New York, NY",Women|Reading,https://images.metmuseum.org/CRDImages/dp/web-large/DP860350.jpg
41.1.189,False,True,432548,Drawings and Prints,Print,"Arithmetica, from The Liberal Arts",,,,,The Liberal Arts,Artist,,Georg Pencz,"German, Wroclaw ca. 1500–1550 Leipzig",,"Pencz, Georg",German,1500,1550,,1536,1546,Engraving,Sheet: 2 15/16 × 1 15/16 in. (7.4 × 5 cm),"Gift of Felix M. Warburg and his family, 1941",,,,,,,,,,,,Prints,,http://www.metmuseum.org/art/collection/search/432548,2019-02-01T10:50:49.477Z,"Metropolitan Museum of Art, New York, NY",Women|Mathematics|Writing,https://images.metmuseum.org/CRDImages/dp/web-large/DP860351.jpg
41.1.190,False,True,432549,Drawings and Prints,Print,"Musica, from The Liberal Arts",,,,,The Liberal Arts,Artist,,Georg Pencz,"German, Wroclaw ca. 1500–1550 Leipzig",,"Pencz, Georg",German,1500,1550,,1536,1546,Engraving,Sheet: 2 15/16 × 1 15/16 in. (7.4 × 5 cm),"Gift of Felix M. Warburg and his family, 1941",,,,,,,,,,,,Prints,,http://www.metmuseum.org/art/collection/search/432549,2019-02-01T10:50:49.477Z,"Metropolitan Museum of Art, New York, NY",Children|Women|Organs,https://images.metmuseum.org/CRDImages/dp/web-large/DP860352.jpg
41.1.191,False,True,432550,Drawings and Prints,Print,"Geometria, from The Liberal Arts",,,,,The Liberal Arts,Artist,,Georg Pencz,"German, Wroclaw ca. 1500–1550 Leipzig",,"Pencz, Georg",German,1500,1550,,1536,1546,Engraving,Sheet: 3 × 2 1/16 in. (7.6 × 5.2 cm),"Gift of Felix M. Warburg and his family, 1941",,,,,,,,,,,,Prints,,http://www.metmuseum.org/art/collection/search/432550,2019-02-01T10:50:49.477Z,"Metropolitan Museum of Art, New York, NY",Boys|Women|Geometry,https://images.metmuseum.org/CRDImages/dp/web-large/DP860353.jpg
41.1.192,False,True,432551,Drawings and Prints,Print,"Astrology, from The Liberal Arts",,,,,The Liberal Arts,Artist,,Georg Pencz,"German, Wroclaw ca. 1500–1550 Leipzig",,"Pencz, Georg",German,1500,1550,,1536,1546,Engraving,Sheet: 3 × 2 in. (7.6 × 5.1 cm),"Gift of Felix M. Warburg and his family, 1941",,,,,,,,,,,,Prints,,http://www.metmuseum.org/art/collection/search/432551,2019-02-01T10:50:49.477Z,"Metropolitan Museum of Art, New York, NY",Female Nudes|Putti|Astrology|Globes,https://images.metmuseum.org/CRDImages/dp/web-large/DP860354.jpg
57.658.38,False,True,432552,Drawings and Prints,Print,Copy of Geometria,,,,,The Liberal Arts,Artist,after,Georg Pencz,"German, Wroclaw ca. 1500–1550 Leipzig",,"Pencz, Georg",German,1500,1550,,1536,1600,Engraving,Sheet: 2 15/16 × 2 1/16 in. (7.5 × 5.2 cm),"Gift of Harry G. Friedman, 1957",,,,,,,,,,,,Prints,,http://www.metmuseum.org/art/collection/search/432552,2019-02-01T10:50:49.477Z,"Metropolitan Museum of Art, New York, NY",Children|Women|Geometry,https://images.metmuseum.org/CRDImages/dp/web-large/DP867542.jpg
57.658.60,False,False,432553,Drawings and Prints,Print,Copy of Grammatica,,,,,The Liberal Arts,Artist,after,Georg Pencz,"German, Wroclaw ca. 1500–1550 Leipzig",,"Pencz, Georg",German,1500,1550,,1536,1546,Engraving,Sheet: 2 15/16 × 2 in. (7.4 × 5.1 cm),"Gift of Harry G. Friedman, 1957",,,,,,,,,,,,Prints,,http://www.metmuseum.org/art/collection/search/432553,,"Metropolitan Museum of Art, New York, NY",,
17.3.1274,False,True,432554,Drawings and Prints,Print,"The Triumph of Fame on Chastity, from The Triumphs of Petrarch",,,,,The Triumph of Petrarch,Artist,,Georg Pencz,"German, Wroclaw ca. 1500–1550 Leipzig",,"Pencz, Georg",German,1500,1550,,1534,1544,Engraving; third state of four (Landau),Sheet: 5 1/2 × 8 1/4 in. (14 × 20.9 cm),"Harris Brisbane Dick Fund, 1917",,,,,,,,,,,,Prints,,http://www.metmuseum.org/art/collection/search/432554,2019-02-01T10:50:49.477Z,"Metropolitan Museum of Art, New York, NY",Men|Women|Elephants,https://images.metmuseum.org/CRDImages/dp/web-large/DP867554.jpg
17.3.1108,False,True,432557,Drawings and Prints,Print,"The Triumph of Time on Fame, from The Triumphs of Petrarch",,,,,The Triumph of Petrarch,Artist,,Georg Pencz,"German, Wroclaw ca. 1500–1550 Leipzig",,"Pencz, Georg",German,1500,1550,,1534,1544,Engraving,Sheet: 5 15/16 × 8 5/16 in. (15.1 × 21.1 cm),"Harris Brisbane Dick Fund, 1917",,,,,,,,,,,,Prints,,http://www.metmuseum.org/art/collection/search/432557,2019-02-18T03:00:47.65Z,"Metropolitan Museum of Art, New York, NY",Deer|Children|Men|Chariots,https://images.metmuseum.org/CRDImages/dp/web-large/DP867555.jpg
21.29.1,False,True,432558,Drawings and Prints,Print,"Portrait of Johann Friedrich the Magnanimous, Elector of Saxony",,,,,,Artist,,Georg Pencz,"German, Wroclaw ca. 1500–1550 Leipzig",,"Pencz, Georg",German,1500,1550,1543,1543,1543,Engraving,Sheet (trimmed; without frame): 13 1/16 × 8 7/16 in. (33.2 × 21.4 cm),"Rogers Fund, 1921",,,,,,,,,,,,Prints,,http://www.metmuseum.org/art/collection/search/432558,2019-02-01T10:50:49.477Z,"Metropolitan Museum of Art, New York, NY",Men|Portraits,https://images.metmuseum.org/CRDImages/dp/web-large/DP867563.jpg
57.620.2,False,True,432563,Drawings and Prints,Print,"Venus, from The Seven Planets",,,,,The Seven Planets,Artist,,Georg Pencz,"German, Wroclaw ca. 1500–1550 Leipzig",,"Pencz, Georg",German,1500,1550,,1530,1550,Woodcut,Sheet (trimmed around central scene): 12 3/8 × 8 1/8 in. (31.4 × 20.7 cm),"The Elisha Whittelsey Collection, The Elisha Whittelsey Fund, 1957",,,,,,,,,,,,Prints,,http://www.metmuseum.org/art/collection/search/432563,2019-02-01T10:50:49.477Z,"Metropolitan Museum of Art, New York, NY",Architecture|Men|Women|Harps|Venus,https://images.metmuseum.org/CRDImages/dp/web-large/DP867562.jpg
49.132.84,False,True,432566,Drawings and Prints,Print,Thomiris with the Head of King Cyrus,,,,,,Artist,attributed to (?),Georg Pencz,"German, Wroclaw ca. 1500–1550 Leipzig",,"Pencz, Georg",German,1500,1550,,1530,1600,Engraving,Sheet: 4 5/8 × 3 1/4 in. (11.8 × 8.3 cm),"Gift of Edwin De T. Bechtel, 1949",,,,,,,,,,,,Prints,,http://www.metmuseum.org/art/collection/search/432566,2019-02-01T10:50:49.477Z,"Metropolitan Museum of Art, New York, NY",Women|Keys,https://images.metmuseum.org/CRDImages/dp/web-large/DP867543.jpg
17.50.16-68,False,True,432572,Drawings and Prints,Print,"The Triumph of Love, from The Triumph of Petrarch",,,,,The Triumphs of Petrarch,Artist,,Georg Pencz,"German, Wroclaw ca. 1500–1550 Leipzig",,"Pencz, Georg",German,1500,1550,,1529,1549,Engraving,Sheet: 6 1/16 × 8 1/8 in. (15.4 × 20.7 cm),"Purchase, Joseph Pulitzer Bequest, 1917",,,,,,,,,,,,Prints,,http://www.metmuseum.org/art/collection/search/432572,2019-02-01T10:50:49.477Z,"Metropolitan Museum of Art, New York, NY",Men|Women|Cupid|Carriages,https://images.metmuseum.org/CRDImages/dp/web-large/DP867552.jpg
17.50.16-71,False,True,432574,Drawings and Prints,Print,"The Triumph of Chastity on Love, from the Triumphs of Petrarch",,,,,The Triumphs of Petrarch,Artist,,Georg Pencz,"German, Wroclaw ca. 1500–1550 Leipzig",,"Pencz, Georg",German,1500,1550,,1529,1549,Engraving,Sheet: 5 9/16 × 8 1/8 in. (14.1 × 20.6 cm),"Purchase, Joseph Pulitzer Bequest, 1917",,,,,,,,,,,,Prints,,http://www.metmuseum.org/art/collection/search/432574,2019-02-01T10:50:49.477Z,"Metropolitan Museum of Art, New York, NY",Men|Women|Unicorns|Chariots,https://images.metmuseum.org/CRDImages/dp/web-large/DP867553.jpg
17.50.16-69,False,True,432576,Drawings and Prints,Print,"The Triumph of Fame on Chastity, from The Triumphs of Petrarch",,,,,The Triumphs of Petrarch,Artist,,Georg Pencz,"German, Wroclaw ca. 1500–1550 Leipzig",,"Pencz, Georg",German,1500,1550,,1529,1549,Engraving; third state of four (Landau),Sheet: 5 1/2 × 8 1/8 in. (13.9 × 20.7 cm),"Purchase, Joseph Pulitzer Bequest, 1917",,,,,,,,,,,,Prints,,http://www.metmuseum.org/art/collection/search/432576,2019-02-01T10:50:49.477Z,"Metropolitan Museum of Art, New York, NY",Spears|Men|Women|Horns|Elephants,https://images.metmuseum.org/CRDImages/dp/web-large/DP867556.jpg
17.50.16-70,False,True,432577,Drawings and Prints,Print,"The Triumph of Time on Fame, from The Triumphs of Petrarch",,,,,The Triumphs of Petrarch,Artist,,Georg Pencz,"German, Wroclaw ca. 1500–1550 Leipzig",,"Pencz, Georg",German,1500,1550,,1534,1544,Engraving,Sheet: 5 1/2 × 8 3/8 in. (13.9 × 21.3 cm),"Purchase, Joseph Pulitzer Bequest, 1917",,,,,,,,,,,,Prints,,http://www.metmuseum.org/art/collection/search/432577,2019-02-01T10:50:49.477Z,"Metropolitan Museum of Art, New York, NY",Children|Men|Deer,https://images.metmuseum.org/CRDImages/dp/web-large/DP867557.jpg
17.50.16-73,False,True,432578,Drawings and Prints,Print,"The Triumph of Eternity on Death, from The Triumph of Petrarch",,,,,The Triumphs of Petrarch,Artist,,Georg Pencz,"German, Wroclaw ca. 1500–1550 Leipzig",,"Pencz, Georg",German,1500,1550,,1534,1544,Engraving; second state of two (Landau),Sheet: 5 1/2 × 8 1/4 in. (13.9 × 21 cm),"Purchase, Joseph Pulitzer Bequest, 1917",,,,,,,,,,,,Prints,,http://www.metmuseum.org/art/collection/search/432578,2019-10-10T14:54:23.72Z,"Metropolitan Museum of Art, New York, NY",Men|Women|Bulls|Lions|Christ,https://images.metmuseum.org/CRDImages/dp/web-large/DP867558.jpg
17.50.16-72,False,True,432580,Drawings and Prints,Print,"The Triumph of Death on Time, from The Triumph of Petrarch",,,,,The Triumphs of Petrarch,Artist,,Georg Pencz,"German, Wroclaw ca. 1500–1550 Leipzig",,"Pencz, Georg",German,1500,1550,,1534,1544,Engraving,Sheet: 5 7/8 × 8 5/16 in. (14.9 × 21.1 cm),"Purchase, Joseph Pulitzer Bequest, 1917",,,,,,,,,,,,Prints,,http://www.metmuseum.org/art/collection/search/432580,2019-02-01T10:50:49.477Z,"Metropolitan Museum of Art, New York, NY",Skeletons|Bulls|Death|Chariots,https://images.metmuseum.org/CRDImages/dp/web-large/DP867559.jpg
62.635.833,False,True,432593,Drawings and Prints,Print,"Portrait of Johann Friedrich the Magnanimous, Elector of Saxony",,,,,,Artist,,Georg Pencz,"German, Wroclaw ca. 1500–1550 Leipzig",,"Pencz, Georg",German,1500,1550,1543,1543,1543,Engraving,Sheet (trimmed; without frame): 12 15/16 × 8 7/16 in. (32.8 × 21.4 cm),"Gift of Harry G. Friedman, 1962",,,,,,,,,,,,Prints,,http://www.metmuseum.org/art/collection/search/432593,2019-02-21T03:00:46.757Z,"Metropolitan Museum of Art, New York, NY",Men|Portraits,https://images.metmuseum.org/CRDImages/dp/web-large/DP867561.jpg
